player_name,pitch_type_full
"Abbott, Andrew",['Sweeper' 'Changeup' 'Curveball' 'Four-Seam Fastball' 'Slider']
"Abney, Alaska",['Four-Seam Fastball' 'Sinker' 'Curveball']
"Abreu, Bryan",['Four-Seam Fastball' 'Slider' 'Changeup' 'Sinker']
"Adam, Jason",['Changeup' 'Sweeper' 'Slider' 'Four-Seam Fastball' 'Cutter' 'Sinker']
"Adams, Austin",['Slider' 'Four-Seam Fastball' 'Sinker']
"Adcock, Ty",['Cutter' 'Four-Seam Fastball' 'Slider' 'Sinker']
"Adon, Joan",['Curveball' 'Four-Seam Fastball' 'Sinker' 'Changeup' 'Slider']
"Adón, Melvin",['Sinker' 'Four-Seam Fastball' 'Cutter']
"Agnos, Zach",['Four-Seam Fastball' 'Cutter' 'Changeup' 'Sinker' 'Slider']
"Aguiar, Julian",['Sinker' 'Changeup' 'Slider' 'Curveball' 'Four-Seam Fastball']
"Akin, Keegan",['Slider' 'Four-Seam Fastball' 'Changeup']
"Alcala, Jorge",['Slider' 'Sinker' 'Four-Seam Fastball' 'Changeup']
"Aldegheri, Sam",['Four-Seam Fastball' 'Changeup' 'Curveball' 'Slider']
"Alexander, Scott",['Sinker' 'Slider' 'Changeup']
"Alexander, Tyler",['Four-Seam Fastball' 'Cutter' 'Sinker' 'Sweeper' 'Changeup' 'Slider']
"Alford, Peyton",['Slider' 'Four-Seam Fastball']
"Allard, Kolby",['Four-Seam Fastball' 'Curveball' 'Changeup' 'Cutter' 'Sinker']
"Allen, Logan","['Sinker' 'Sweeper' 'Cutter' 'Four-Seam Fastball' 'Changeup' 'Splitter'
 'Curveball']"
"Almonte, Yency",['Sweeper' 'Four-Seam Fastball' 'Sinker' 'Changeup' 'Cutter' 'Slider']
"Altavilla, Dan",['Four-Seam Fastball' 'Slider' 'Changeup']
"Alvarado, Elvis",['Four-Seam Fastball' 'Slider' 'Sinker']
"Alvarado, José",['Sinker' 'Cutter' 'Four-Seam Fastball' 'Curveball']
"Alvarez, Eddy",['Changeup' 'Slider' 'Curveball']
"Alvarez, Nelson L.",['Sinker' 'Curveball' 'Cutter' 'Slider']
"Alzolay, Adbert",['Slider' 'Cutter' 'Changeup' 'Four-Seam Fastball' 'Sinker']
"Anderson, Chase",['Cutter' 'Four-Seam Fastball' 'Changeup' 'Sweeper' 'Curveball' 'Sinker']
"Anderson, Drew",['Four-Seam Fastball' 'Slider' 'Changeup' 'Curveball']
"Anderson, Grant",['Four-Seam Fastball' 'Changeup' 'Slider' 'Cutter' 'Sinker']
"Anderson, Justin",['Slider' 'Four-Seam Fastball' 'Sinker' 'Cutter']
"Anderson, Nick",['Changeup' 'Four-Seam Fastball' 'Sinker' 'Curveball']
"Anderson, Shaun",['Sweeper' 'Slider' 'Four-Seam Fastball' 'Changeup' 'Sinker']
"Anderson, Tyler",['Four-Seam Fastball' 'Changeup' 'Cutter' 'Slider' 'Sinker' 'Curveball']
"Andrews, Clayton",['Changeup' 'Sinker' 'Four-Seam Fastball' 'Slider']
"Andriese, Matt",['Four-Seam Fastball' 'Curveball' 'Cutter' 'Sinker' 'Changeup']
"Antone, Tejay",['Sinker' 'Slider' 'Four-Seam Fastball' 'Curveball']
"Arias, Luarbert",['Four-Seam Fastball' 'Slider']
"Arias, Michael",['Sinker' 'Slider' 'Curveball' 'Four-Seam Fastball' 'Changeup']
"Armstrong, Shawn",['Cutter' 'Sinker' 'Slurve' 'Four-Seam Fastball' 'Sweeper']
"Arrighetti, Spencer","['Four-Seam Fastball' 'Cutter' 'Curveball' 'Changeup' 'Sweeper' 'Sinker'
 'Slider']"
"Ash, Konnor",['Four-Seam Fastball' 'Changeup' 'Slider']
"Ashby, Aaron",['Sinker' 'Curveball' 'Changeup' 'Four-Seam Fastball' 'Slider']
"Ashcraft, Graham",['Slider' 'Cutter' 'Changeup' 'Sinker']
"Askew, Keyshawn",['Sweeper' 'Sinker' 'Four-Seam Fastball']
"Assad, Javier","['Sinker' 'Sweeper' 'Cutter' 'Four-Seam Fastball' 'Changeup' 'Curveball'
 'Slider']"
"Avila, Nick",['Four-Seam Fastball' 'Cutter' 'Knuckle Curve' 'Sinker' 'Slider']
"Avila, Pedro",['Changeup' 'Four-Seam Fastball' 'Slider' 'Curveball' 'Sinker' 'Sweeper']
"Bachar, Lake",['Four-Seam Fastball' 'Splitter' 'Sweeper']
"Baker, Bryan",['Four-Seam Fastball' 'Slider' 'Changeup' 'Curveball' nan]
"Balazovic, Jordan",['Changeup' 'Slider' 'Four-Seam Fastball']
"Banda, Anthony",['Slider' 'Sinker' 'Four-Seam Fastball' 'Changeup']
"Banks, Tanner",['Sweeper' 'Four-Seam Fastball' 'Slider' 'Sinker' 'Changeup']
"Barlow, Scott",['Four-Seam Fastball' 'Sinker' 'Slider' 'Curveball' 'Sweeper']
"Barnes, Jacob",['Cutter' 'Four-Seam Fastball' 'Slider']
"Barnes, Matt",['Splitter' 'Four-Seam Fastball' 'Knuckle Curve']
"Barnhart, Tucker",['Eephus' nan]
"Barria, Jaime",['Slider' 'Four-Seam Fastball' 'Sinker' 'Changeup']
"Bassitt, Chris","['Sinker' 'Cutter' 'Curveball' 'Changeup' 'Slider' 'Sweeper'
 'Four-Seam Fastball' 'Splitter']"
"Basso, Brady",['Four-Seam Fastball' 'Curveball' 'Sinker' 'Cutter' 'Changeup']
"Bauers, Jake",[nan 'Eephus' 'Four-Seam Fastball']
"Baum, Tyler",['Four-Seam Fastball' 'Changeup' 'Curveball' 'Sinker' 'Cutter']
"Baumann, Mike",['Four-Seam Fastball' 'Knuckle Curve' 'Slider' 'Sinker' 'Changeup' nan]
"Baz, Shane",['Knuckle Curve' 'Four-Seam Fastball' 'Changeup' 'Slider']
"Bazardo, Eduard",['Splitter' 'Sinker' 'Slider' 'Four-Seam Fastball']
"Beck, Tristan",['Four-Seam Fastball' 'Curveball' 'Slider' 'Sweeper']
"Bednar, David",['Splitter' 'Four-Seam Fastball' 'Curveball']
"Beede, Tyler",['Four-Seam Fastball' 'Curveball' 'Sinker' 'Splitter']
"Beeks, Jalen",['Four-Seam Fastball' 'Cutter' 'Changeup' 'Curveball' 'Sinker']
"Beeter, Clayton",['Slider' 'Four-Seam Fastball' 'Changeup' 'Curveball']
"Belge, Jeff",['Slider' 'Four-Seam Fastball']
"Bellatti, Andrew",['Four-Seam Fastball' 'Slider' 'Changeup']
"Bello, Brayan",['Sinker' 'Changeup' 'Slider' 'Four-Seam Fastball']
"Bellozo, Valente",['Changeup' 'Curveball' 'Sweeper' 'Four-Seam Fastball' 'Cutter' 'Splitter']
"Bender, Anthony",['Sinker' 'Sweeper' 'Four-Seam Fastball' 'Slider' 'Changeup' 'Cutter']
"Bermúdez, Jonathan",['Changeup' 'Four-Seam Fastball' 'Sweeper' 'Slider']
"Bernardino, Brennan",['Sinker' 'Slider' 'Curveball' 'Cutter']
"Berroa, Prelander",['Four-Seam Fastball' 'Slider' 'Sinker']
"Berríos, José",['Sinker' 'Slurve' 'Four-Seam Fastball' 'Changeup' 'Cutter']
"Bibee, Tanner",['Sweeper' 'Changeup' 'Curveball' 'Four-Seam Fastball' 'Sinker' 'Cutter']
"Bickford, Phil",['Four-Seam Fastball' 'Slider' 'Sinker']
"Bido, Osvaldo",['Four-Seam Fastball' 'Cutter' 'Changeup' 'Sinker' 'Slider' nan]
"Bieber, Shane",['Slider' 'Four-Seam Fastball' 'Knuckle Curve' 'Cutter' 'Changeup']
"Bielak, Brandon",['Four-Seam Fastball' 'Sinker' 'Slider' 'Changeup' 'Sweeper' 'Curveball']
"Bigge, Hunter",['Four-Seam Fastball' 'Slider' 'Curveball' 'Sweeper' 'Sinker']
"Bird, Jake",['Curveball' 'Slider' 'Sinker' 'Cutter' 'Changeup' 'Four-Seam Fastball']
"Birdsong, Hayden",['Changeup' 'Four-Seam Fastball' 'Slider' 'Curveball']
"Bivens, Spencer",['Cutter' 'Sweeper' 'Sinker' 'Changeup' 'Four-Seam Fastball' 'Slider']
"Blach, Ty",['Sinker' 'Cutter' 'Changeup' 'Curveball' 'Slider' 'Four-Seam Fastball']
"Black, Mason",['Sweeper' 'Sinker' 'Four-Seam Fastball' 'Slider' 'Changeup']
"Blackburn, Paul",['Slider' 'Changeup' 'Cutter' 'Four-Seam Fastball' 'Sinker' 'Curveball']
"Blalock, Bradley",['Slider' 'Four-Seam Fastball' 'Splitter' 'Curveball' 'Cutter' nan]
"Blanco, Ronel",['Slider' 'Four-Seam Fastball' 'Changeup' 'Curveball']
"Blewett, Scott",['Four-Seam Fastball' 'Splitter' 'Slider' 'Sinker']
"Bloss, Jake",['Slider' 'Four-Seam Fastball' 'Sweeper' 'Sinker' 'Changeup' 'Curveball']
"Bolton, Cody",['Sinker' 'Cutter' 'Sweeper' 'Four-Seam Fastball' 'Changeup']
"Booser, Cam",['Sweeper' 'Four-Seam Fastball' 'Cutter']
"Borucki, Ryan",['Slider' 'Sinker' 'Changeup' 'Sweeper']
"Bote, David",[nan 'Eephus']
"Bourassa, Ryan",['Four-Seam Fastball' 'Cutter' 'Curveball' 'Slider']
"Boushley, Caleb",['Sweeper' 'Cutter' 'Changeup' 'Curveball' 'Four-Seam Fastball' 'Sinker']
"Bowlan, Jonathan",['Slider' 'Four-Seam Fastball' 'Sinker' 'Changeup' 'Curveball']
"Bowman, Kaleb",['Sinker' 'Cutter' 'Curveball']
"Bowman, Matt",['Splitter' 'Cutter' 'Sinker' 'Sweeper' 'Four-Seam Fastball']
"Boyd, Matthew",['Four-Seam Fastball' 'Curveball' 'Changeup' 'Slider' 'Sinker']
"Boyer, Ryan",['Sinker' 'Four-Seam Fastball']
"Boyle, Joe",['Four-Seam Fastball' 'Slider' 'Sweeper' 'Curveball']
"Bradford, Cody",['Cutter' 'Four-Seam Fastball' 'Changeup' 'Curveball' 'Slider']
"Bradish, Kyle",['Curveball' 'Sinker' 'Four-Seam Fastball' 'Slider']
"Bradley, Taj",['Cutter' 'Four-Seam Fastball' 'Splitter' 'Curveball']
"Brasier, Ryan",['Slider' 'Four-Seam Fastball' 'Sinker' 'Cutter']
"Brazobán, Huascar",['Changeup' 'Sinker' 'Four-Seam Fastball' 'Cutter']
"Brebbia, John",['Four-Seam Fastball' 'Slider' 'Changeup']
"Brewer, Colten",['Curveball' 'Slider' 'Four-Seam Fastball' 'Sweeper' 'Sinker' 'Cutter']
"Brice, Austin",['Sinker' 'Four-Seam Fastball' 'Changeup' 'Curveball']
"Brieske, Beau",['Sinker' 'Slider' 'Four-Seam Fastball' 'Changeup']
"Brigham, Jeff",['Sweeper' 'Cutter' 'Four-Seam Fastball']
"Brito, Jhony","['Four-Seam Fastball' 'Sinker' nan 'Changeup' 'Sweeper' 'Slider'
 'Knuckle Curve']"
"Brogdon, Connor",['Changeup' 'Four-Seam Fastball' 'Cutter']
"Brooks, Aaron",['Sinker' 'Four-Seam Fastball' 'Slider' 'Changeup' 'Knuckle Curve']
"Brown, Ben",['Four-Seam Fastball' 'Knuckle Curve' 'Changeup']
"Brown, Hunter","['Four-Seam Fastball' 'Changeup' 'Cutter' 'Sinker' 'Knuckle Curve'
 'Slider']"
"Bruihl, Justin",['Cutter' 'Sinker' 'Sweeper']
"Bruján, Vidal",[nan 'Curveball' 'Eephus']
"Brzykcy, Zach",['Curveball' 'Four-Seam Fastball' 'Changeup']
"Bubic, Kris",['Sweeper' 'Four-Seam Fastball' 'Sinker' 'Changeup' 'Slider']
"Buchanan, David",['Changeup' 'Cutter' 'Curveball' 'Sinker' 'Four-Seam Fastball' 'Sweeper']
"Buehler, Walker","['Knuckle Curve' 'Cutter' 'Four-Seam Fastball' 'Sinker' 'Sweeper' 'Slider'
 'Changeup']"
"Bukauskas, J.B.",['Sinker' 'Slider']
"Bummer, Aaron",['Sweeper' 'Sinker' 'Four-Seam Fastball' 'Changeup' 'Cutter' 'Curveball']
"Burdi, Nick",['Four-Seam Fastball' 'Slider' 'Changeup']
"Burgos, Raymond",['Sinker' 'Four-Seam Fastball' 'Changeup' 'Sweeper']
"Burke, Brock",['Changeup' 'Sinker' 'Four-Seam Fastball' 'Slider']
"Burke, Sean",['Slider' 'Changeup' 'Four-Seam Fastball' 'Curveball' 'Sinker']
"Burnes, Corbin","['Curveball' 'Cutter' 'Sweeper' 'Sinker' 'Changeup' 'Four-Seam Fastball'
 'Slider' nan]"
"Burr, Ryan",['Slider' 'Four-Seam Fastball' 'Sinker']
"Burrows, Mike",['Four-Seam Fastball' 'Changeup' 'Slider' 'Curveball']
"Busenitz, Alan","['Curveball' 'Changeup' 'Four-Seam Fastball' 'Cutter' 'Slider' 'Sinker'
 'Sweeper']"
"Bush, Ky",['Curveball' 'Slider' 'Four-Seam Fastball' 'Changeup']
"Buttó, José",['Sweeper' 'Four-Seam Fastball' 'Changeup' 'Sinker' 'Slider']
"Cabrera, Edward",['Sinker' 'Curveball' 'Changeup' 'Four-Seam Fastball' 'Slider']
"Cabrera, Génesis",['Curveball' 'Four-Seam Fastball' 'Sinker' 'Cutter' 'Changeup']
"Cabrera, Oswaldo",[nan 'Eephus']
"Campbell, Isaiah",['Four-Seam Fastball' 'Sweeper' 'Slider' 'Sinker']
"Canning, Griffin",['Four-Seam Fastball' 'Slider' 'Changeup' 'Knuckle Curve' 'Sinker']
"Cannon, Jonathan",['Sinker' 'Sweeper' 'Four-Seam Fastball' 'Cutter' 'Changeup']
"Cano, Yennier",['Sinker' 'Slider' 'Changeup' 'Four-Seam Fastball']
"Cantillo, Joey",['Changeup' 'Slider' 'Curveball' 'Four-Seam Fastball']
"Carasiti, Matt",['Cutter' 'Sinker' nan 'Four-Seam Fastball']
"Carlson, Sam",['Sinker' 'Slider' 'Cutter']
"Carrasco, Carlos",['Sinker' 'Changeup' 'Slider' 'Four-Seam Fastball' 'Curveball' 'Sweeper']
"Casparius, Ben",['Slider' 'Four-Seam Fastball' 'Curveball' 'Cutter']
"Castano, Blas",['Changeup' 'Sinker' 'Cutter' 'Sweeper']
"Castellanos, Humberto",['Cutter' 'Sinker' 'Curveball' 'Four-Seam Fastball' 'Changeup']
"Castillo, Diego",['Four-Seam Fastball' 'Slider' 'Changeup' 'Sinker']
"Castillo, Luis",['Sinker' 'Slider' 'Four-Seam Fastball' 'Changeup']
"Castillo, Max",['Slider' 'Four-Seam Fastball' 'Changeup']
"Castro, Miguel",['Slider' 'Four-Seam Fastball' 'Sinker' 'Changeup']
"Castro, Willi",['Eephus' nan]
"Cease, Dylan","['Sweeper' 'Four-Seam Fastball' 'Slider' 'Knuckle Curve' 'Changeup'
 'Sinker' 'Cutter']"
"Cecconi, Slade","['Slider' 'Four-Seam Fastball' 'Curveball' 'Changeup' 'Sweeper' nan
 'Cutter']"
"Cellucci, Brendan",['Four-Seam Fastball' 'Slider' 'Cutter']
"Chafin, Andrew",['Sinker' 'Four-Seam Fastball' 'Slider']
"Chapman, Aroldis",['Four-Seam Fastball' 'Slider' 'Sinker' 'Splitter']
"Chargois, JT",['Sinker' 'Slider' 'Four-Seam Fastball' 'Changeup']
"Chavez, Jesse",['Cutter' 'Sinker' 'Curveball' 'Changeup' 'Slider']
"Chirinos, Yonny",['Sinker' 'Slider' 'Splitter' 'Four-Seam Fastball']
"Chivilli, Angel",['Slider' 'Changeup' 'Four-Seam Fastball' nan]
"Church, Marc",['Slider' 'Four-Seam Fastball']
"Cimber, Adam",['Four-Seam Fastball' 'Slider' 'Sinker']
"Cisnero, José",['Four-Seam Fastball' 'Slider' 'Changeup' 'Sinker' 'Cutter']
"Civale, Aaron","['Curveball' 'Sinker' 'Cutter' 'Sweeper' 'Four-Seam Fastball' 'Slider'
 'Splitter']"
"Clarke, Chris",['Curveball' 'Four-Seam Fastball' 'Sinker' 'Slider' 'Cutter']
"Clase, Emmanuel",['Cutter' 'Slider' 'Sinker']
"Cleavinger, Garrett",['Sinker' 'Slider' 'Sweeper' 'Cutter' 'Four-Seam Fastball']
"Clemens, Kody",['Eephus']
"Clement, Ernie",[nan 'Knuckleball']
"Clenney, Nolan",['Slider' 'Four-Seam Fastball']
"Clevinger, Mike",['Four-Seam Fastball' 'Sweeper' 'Curveball' 'Changeup' 'Sinker' 'Cutter']
"Clifton, Trevor",['Curveball' 'Sinker']
"Cobb, Alex",['Splitter' 'Sinker' 'Knuckle Curve' 'Four-Seam Fastball']
"Cole, Gerrit","['Sinker' 'Changeup' 'Cutter' 'Four-Seam Fastball' 'Knuckle Curve'
 'Slider']"
"Coleman, Dylan",['Four-Seam Fastball' 'Cutter' 'Sweeper']
"Colon, Jeffrey",['Changeup' 'Slider' 'Four-Seam Fastball' 'Sinker']
"Contreras, Efrain",['Four-Seam Fastball' 'Cutter' 'Curveball']
"Contreras, Luis",['Sweeper' 'Changeup' 'Four-Seam Fastball' 'Curveball' 'Slider' 'Sinker']
"Contreras, Roansy","['Four-Seam Fastball' 'Curveball' 'Slider' 'Sinker' 'Changeup' nan
 'Sweeper']"
"Cooke, Connor",['Four-Seam Fastball' 'Slider']
"Corbin, Patrick","['Slider' 'Cutter' 'Sinker' 'Curveball' 'Four-Seam Fastball' 'Changeup'
 nan 'Splitter']"
"Cornielly, Joshua",['Changeup' 'Four-Seam Fastball' 'Cutter']
"Cornwell, Alex",['Four-Seam Fastball' 'Curveball' 'Slider' 'Changeup']
"Cortes, Nestor",['Sweeper' 'Four-Seam Fastball' 'Cutter' 'Sinker' 'Changeup' 'Slider']
"Cosgrove, Tom",['Sweeper' 'Four-Seam Fastball' 'Sinker']
"Coulombe, Danny",['Sinker' 'Sweeper' 'Cutter' 'Four-Seam Fastball' 'Knuckle Curve']
"Cousins, Jake",['Sinker' 'Slider' 'Four-Seam Fastball']
"Crawford, Brandon",['Changeup' 'Four-Seam Fastball' 'Cutter' 'Slider' 'Curveball']
"Crawford, Kutter",['Cutter' 'Splitter' 'Four-Seam Fastball' 'Sweeper' 'Knuckle Curve']
"Crismatt, Nabil",['Changeup' 'Curveball' 'Slider' 'Four-Seam Fastball' 'Sinker']
"Criswell, Cooper",['Sinker' 'Sweeper' 'Changeup' 'Cutter' 'Slider']
"Criswell, Jeff",['Slider' 'Four-Seam Fastball' 'Changeup' 'Curveball']
"Crochet, Garrett",['Sinker' 'Four-Seam Fastball' 'Cutter' 'Changeup' 'Sweeper']
"Cronin, Declan",['Four-Seam Fastball' 'Slider' 'Sinker' 'Sweeper']
"Crouse, Hans",['Sinker' 'Slider' 'Four-Seam Fastball' 'Changeup']
"Cruz, Fernando",['Splitter' 'Cutter' 'Four-Seam Fastball' 'Sinker' 'Slider']
"Cruz, Steven",['Cutter' 'Four-Seam Fastball' 'Sinker']
"Cuas, Jose",['Four-Seam Fastball' 'Sinker' 'Sweeper' 'Changeup']
"Cueto, Johnny",['Changeup' 'Slider' 'Sinker' 'Four-Seam Fastball' 'Cutter' 'Curveball']
"Curry, Xzavion",['Curveball' 'Four-Seam Fastball' 'Slider' 'Splitter' 'Changeup' 'Sweeper']
"Curtiss, John",['Slider' 'Four-Seam Fastball' 'Changeup']
"Curvelo, Luis",['Slider' 'Four-Seam Fastball']
"Dabovich, R.J.",['Four-Seam Fastball' 'Knuckle Curve']
"Dana, Caden",['Four-Seam Fastball' 'Cutter' 'Slider' 'Changeup' 'Curveball']
"Daniel, Davis",['Slider' 'Splitter' 'Four-Seam Fastball' 'Curveball' 'Changeup']
"Danner, Hagen",['Slider' 'Four-Seam Fastball']
"Darnell, Dugan",['Four-Seam Fastball' 'Splitter' 'Curveball']
"Darvish, Yu","['Splitter' 'Curveball' 'Slider' 'Sinker' 'Sweeper' 'Cutter'
 'Four-Seam Fastball' 'Knuckle Curve']"
"Davidson, Tucker",['Curveball' 'Four-Seam Fastball' 'Splitter' 'Slider' 'Sinker' 'Sweeper']
"Davis, Austin",['Sinker' 'Sweeper' 'Cutter']
"Davis, Noah","['Four-Seam Fastball' 'Curveball' 'Sweeper' 'Screwball' 'Sinker' 'Cutter'
 'Changeup']"
"De Los Santos, Enyel",['Four-Seam Fastball' 'Slider' 'Changeup' 'Sinker']
"De los Santos, Yerry",['Sinker' 'Slider' 'Changeup' 'Four-Seam Fastball']
"Detmers, Reid",['Four-Seam Fastball' 'Curveball' 'Slider' 'Sinker' 'Changeup' nan]
"Devenski, Chris",['Sweeper' 'Changeup' 'Four-Seam Fastball' 'Cutter' 'Sinker' 'Slider']
"Diekman, Jake",['Sweeper' 'Sinker' 'Four-Seam Fastball' 'Changeup']
"Dipoto, Jonah",['Sinker' 'Slider' 'Cutter']
"Dobnak, Randy",['Sinker' 'Four-Seam Fastball' 'Changeup' 'Slider']
"Dodd, Dylan",['Slider' 'Four-Seam Fastball' 'Changeup' 'Cutter']
"Domínguez, Seranthony",['Four-Seam Fastball' 'Sweeper' 'Sinker' 'Slider' 'Changeup']
"Doval, Camilo",['Slider' 'Cutter' 'Sinker' 'Four-Seam Fastball']
"Duarte, Daniel",['Slider' 'Cutter' 'Four-Seam Fastball' 'Changeup' 'Sinker']
"Dubin, Shawn",['Changeup' 'Curveball' 'Four-Seam Fastball' 'Cutter' 'Sweeper' 'Sinker']
"Duffey, Tyler",['Four-Seam Fastball' 'Slider' 'Changeup' 'Knuckle Curve' 'Sinker']
"Duffy, Danny",['Four-Seam Fastball' 'Curveball' 'Sinker' 'Changeup']
"Dunning, Dane","['Slider' 'Sinker' 'Cutter' 'Changeup' 'Knuckle Curve'
 'Four-Seam Fastball' nan]"
"Dunshee, Parker",['Four-Seam Fastball' 'Slider' 'Curveball' 'Sinker']
"Duplantier, Jon",['Slider' 'Four-Seam Fastball']
"Duran, Jhoan",['Splitter' 'Four-Seam Fastball' 'Knuckle Curve' 'Sweeper']
"Díaz, Alexis",['Four-Seam Fastball' 'Slider']
"Díaz, Edwin",['Slider' 'Four-Seam Fastball']
"Díaz, Jhonathan",['Slider' 'Four-Seam Fastball' 'Changeup' 'Curveball' 'Sinker']
"Díaz, Miguel",['Four-Seam Fastball' 'Changeup' 'Slider' 'Sinker']
"Díaz, Yilber",['Knuckle Curve' 'Slider' 'Four-Seam Fastball' 'Sinker']
"Eder, Jake",['Four-Seam Fastball' 'Changeup' 'Slider' 'Curveball']
"Edwards Jr., Carl",['Four-Seam Fastball' 'Curveball' 'Changeup']
"Effross, Scott",['Sinker' 'Sweeper' 'Four-Seam Fastball' 'Changeup']
"Eflin, Zach","['Sweeper' 'Cutter' 'Sinker' 'Curveball' 'Changeup' 'Four-Seam Fastball'
 'Slider']"
"Eisert, Brandon",['Slider' 'Four-Seam Fastball' 'Changeup' 'Curveball']
"Elder, Bryce",['Four-Seam Fastball' 'Slider' 'Changeup' 'Sinker' 'Cutter']
"Ellard, Fraser",['Changeup' 'Four-Seam Fastball' 'Slider' 'Cutter' 'Sinker']
"Emanuel, Kent",['Sinker' 'Changeup' 'Sweeper' 'Slider']
"Englert, Mason",['Changeup' 'Four-Seam Fastball' 'Slider' 'Slurve' 'Sinker' 'Cutter']
"Enlow, Blayne",['Cutter' 'Sweeper' 'Curveball' 'Sinker']
"Enright, Nic",['Four-Seam Fastball' 'Changeup' 'Curveball' 'Slider']
"Eovaldi, Nathan",['Splitter' 'Cutter' 'Four-Seam Fastball' 'Curveball' 'Slider']
"Erceg, Lucas",['Sinker' 'Slider' 'Changeup' 'Four-Seam Fastball']
"Escobar, Edwin",['Four-Seam Fastball' 'Curveball' 'Changeup']
"Espino, Paolo",['Changeup' 'Four-Seam Fastball' 'Curveball' 'Sweeper']
"Estes, Joey",['Slider' 'Four-Seam Fastball' 'Sinker' 'Changeup' 'Sweeper' 'Cutter']
"Estrada, Jeremiah",['Splitter' 'Four-Seam Fastball' 'Slider' 'Sinker']
"Estévez, Carlos",['Four-Seam Fastball' 'Slider' 'Changeup' 'Curveball']
"Faedo, Alex",['Slider' 'Sinker' 'Four-Seam Fastball' 'Changeup']
"Fairbanks, Pete",['Slider' 'Four-Seam Fastball' 'Changeup']
"Falter, Bailey",['Sinker' 'Four-Seam Fastball' 'Slider' 'Curveball' nan 'Splitter']
"Farmer, Buck",['Four-Seam Fastball' 'Changeup' 'Slider' 'Sinker' nan]
"Farmer, Kyle",['Eephus' 'Curveball']
"Faucher, Calvin",['Four-Seam Fastball' 'Cutter' 'Curveball' 'Sweeper']
"Fedde, Erick",['Changeup' 'Sweeper' 'Cutter' 'Sinker' 'Four-Seam Fastball']
"Feigl, Brady",['Four-Seam Fastball' 'Changeup' 'Curveball']
"Feltner, Ryan","['Sweeper' 'Sinker' 'Four-Seam Fastball' 'Changeup' 'Slider' 'Curveball'
 nan]"
"Ferguson, Caleb",['Slurve' 'Sinker' 'Four-Seam Fastball' 'Cutter' 'Sweeper']
"Ferguson, Tyler",['Four-Seam Fastball' 'Sweeper' 'Sinker' 'Cutter' 'Changeup']
"Fernandez, Ryan",['Slider' 'Four-Seam Fastball' 'Cutter' nan 'Sinker']
"Ferrer, Jose A.",['Slider' 'Sinker' 'Changeup' 'Four-Seam Fastball']
"Festa, David",['Slider' 'Changeup' 'Four-Seam Fastball']
"Festa, Matt",['Sweeper' 'Four-Seam Fastball' 'Cutter']
"Feyereisen, J.P.",['Four-Seam Fastball' 'Slider' 'Sinker' 'Changeup']
"Finnegan, Kyle",['Four-Seam Fastball' 'Splitter' 'Slider']
"Fitts, Richard",['Four-Seam Fastball' 'Sweeper' 'Slider' 'Splitter' 'Changeup']
"Fitzgerald, Tyler",[nan 'Eephus']
"Flaherty, Jack",['Slider' 'Four-Seam Fastball' 'Knuckle Curve' 'Sinker' 'Changeup']
"Fleming, Josh",['Changeup' 'Sinker' 'Curveball' 'Cutter']
"Flexen, Chris",['Cutter' 'Slider' 'Curveball' 'Four-Seam Fastball' 'Changeup' 'Sinker']
"Floro, Dylan",['Sinker' 'Slider' 'Changeup' 'Four-Seam Fastball']
"Flowers, J.C.",['Four-Seam Fastball']
"Fluharty, Mason",['Cutter' 'Sweeper']
"Foley, Jason",['Sinker' 'Slider' 'Changeup' 'Four-Seam Fastball']
"Foster, Matt",['Four-Seam Fastball' 'Slider' 'Changeup' 'Curveball']
"France, J.P.",['Four-Seam Fastball' 'Changeup' 'Cutter' 'Curveball' 'Sinker' 'Sweeper']
"Francis, Bowden",['Four-Seam Fastball' 'Slider' 'Curveball' 'Sinker' 'Splitter']
"Francisco, Carlos A.",['Four-Seam Fastball' 'Changeup']
"Fraze, Nick",['Sinker']
"Freeland, Kyle",['Cutter' 'Sinker' 'Four-Seam Fastball' 'Knuckle Curve' 'Changeup']
"Fried, Max","['Curveball' 'Sinker' 'Sweeper' 'Four-Seam Fastball' 'Changeup' 'Cutter'
 'Slider']"
"Frías, Luis",['Sinker' 'Cutter' 'Slider' 'Four-Seam Fastball']
"Fujinami, Shintaro",['Cutter' 'Splitter' 'Four-Seam Fastball']
"Fulmer, Carson",['Changeup' 'Sinker' 'Four-Seam Fastball' 'Slider' 'Curveball' 'Sweeper']
"Funderburk, Kody",['Slider' 'Sinker' 'Cutter' 'Changeup']
"Gaddis, Hunter",['Changeup' 'Slider' 'Four-Seam Fastball' 'Curveball']
"Gallegos, Giovanny",['Four-Seam Fastball' 'Changeup' 'Slider' 'Sinker']
"Gallen, Zac","['Knuckle Curve' 'Four-Seam Fastball' 'Changeup' 'Cutter' 'Slider'
 'Sinker']"
"Garabito, Gerson",['Four-Seam Fastball' 'Sinker' 'Curveball' 'Slider' 'Changeup']
"Garcia, Robert",['Slider' 'Four-Seam Fastball' 'Changeup' 'Sinker']
"García, Deivi",['Sweeper' 'Four-Seam Fastball' 'Curveball' 'Changeup']
"García, Luis",['Sinker' 'Splitter' 'Slider' 'Four-Seam Fastball' 'Sweeper' 'Cutter' nan]
"García, Yimi",['Four-Seam Fastball' 'Changeup' 'Curveball' 'Sweeper' 'Slider' 'Sinker']
"Gardner, Sam",['Curveball' 'Cutter' 'Four-Seam Fastball' 'Slider']
"Garnett, Tristan",['Changeup' 'Four-Seam Fastball' 'Slider']
"Garrett, Amir",['Slider' 'Four-Seam Fastball' 'Sinker']
"Garrett, Braxton",['Four-Seam Fastball' 'Changeup' 'Sinker' 'Slider' 'Curveball' 'Cutter']
"Garrett, Reed",['Four-Seam Fastball' 'Sweeper' 'Sinker' 'Cutter' 'Splitter']
"Garza, Justin","['Sinker' 'Changeup' 'Sweeper' 'Slider' 'Four-Seam Fastball' 'Curveball'
 'Cutter']"
"Gasser, Robert",['Changeup' 'Four-Seam Fastball' 'Sweeper' 'Sinker' 'Cutter']
"Gausman, Kevin",['Four-Seam Fastball' 'Splitter' 'Sinker' 'Slider']
"Geber, Jordan",['Four-Seam Fastball' 'Slider' 'Changeup' 'Cutter']
"Germán, Domingo",['Four-Seam Fastball' 'Changeup' 'Curveball' 'Sinker']
"Gervase, Paul",['Four-Seam Fastball' 'Sweeper' 'Slider']
"Gibaut, Ian",['Cutter' 'Slider' 'Four-Seam Fastball' 'Changeup' nan 'Sweeper']
"Gibson, Kyle","['Cutter' 'Sweeper' 'Four-Seam Fastball' 'Curveball' 'Sinker' 'Changeup'
 'Slider']"
"Gil, Luis",['Four-Seam Fastball' 'Changeup' 'Slider' 'Sinker']
"Gilbert, Logan","['Curveball' 'Slider' 'Sinker' 'Splitter' 'Four-Seam Fastball' 'Cutter'
 nan]"
"Gilbert, Tyler","['Sweeper' 'Four-Seam Fastball' 'Sinker' 'Cutter' 'Knuckle Curve'
 'Splitter']"
"Gilbreath, Lucas",['Four-Seam Fastball' 'Slider']
"Gillaspie, Logan","['Four-Seam Fastball' 'Sweeper' 'Curveball' 'Changeup' 'Cutter' 'Sinker'
 'Slider']"
"Gillispie, Connor",['Four-Seam Fastball' 'Cutter' 'Changeup' 'Sweeper']
"Ginkel, Kevin",['Four-Seam Fastball' 'Sinker' 'Slider']
"Ginn, J.T.",['Sinker' 'Slider' 'Four-Seam Fastball' 'Changeup' 'Cutter']
"Givens, Mychal",['Slider' 'Four-Seam Fastball' 'Changeup' 'Sinker']
"Glasnow, Tyler",['Curveball' 'Sinker' 'Slider' 'Four-Seam Fastball']
"Go, Woo-Suk",['Cutter' 'Four-Seam Fastball' 'Curveball']
"Gomber, Austin",['Four-Seam Fastball' 'Knuckle Curve' 'Changeup' 'Slider' 'Sinker' nan]
"Gomez, Cesar",['Sinker' 'Slider' 'Cutter' 'Changeup' 'Four-Seam Fastball']
"Gonzales, Marco",['Four-Seam Fastball' 'Changeup' 'Cutter' 'Curveball' 'Sinker']
"González, Victor",['Sinker' 'Changeup' 'Slider' 'Four-Seam Fastball']
"Gordon, Tanner",['Four-Seam Fastball' 'Changeup' 'Curveball' 'Slider']
"Gore, MacKenzie",['Slider' 'Four-Seam Fastball' 'Curveball' 'Cutter' 'Changeup' 'Sweeper']
"Gose, Anthony",['Slider' 'Four-Seam Fastball']
"Goss, JJ",['Four-Seam Fastball' 'Sinker' 'Cutter']
"Gowdy, Kevin",['Sinker' 'Slider' 'Four-Seam Fastball']
"Graceffo, Gordon",['Slider' 'Four-Seam Fastball' 'Changeup' 'Curveball']
"Graterol, Brusdar",['Sinker' 'Slider' 'Four-Seam Fastball' 'Cutter' 'Changeup']
"Gray, Jon",['Slider' 'Four-Seam Fastball' 'Curveball' 'Changeup']
"Gray, Josiah","['Sinker' 'Cutter' 'Slider' 'Curveball' 'Changeup' 'Sweeper'
 'Four-Seam Fastball']"
"Gray, Sonny","['Four-Seam Fastball' 'Sinker' 'Curveball' 'Sweeper' 'Cutter' 'Changeup'
 nan]"
"Green, Chad",['Four-Seam Fastball' 'Slider' 'Sinker' 'Cutter']
"Greene, Hunter",['Four-Seam Fastball' 'Slider' 'Splitter' 'Curveball' 'Sinker']
"Greene, Shane",['Sweeper' 'Cutter' 'Four-Seam Fastball']
"Grove, Michael",['Slider' 'Knuckle Curve' 'Sinker' 'Cutter' 'Four-Seam Fastball']
"Guenther, Sean",['Sinker' 'Splitter' 'Slider' 'Four-Seam Fastball' 'Changeup']
"Guerrero, Luis",['Changeup' 'Four-Seam Fastball' 'Sweeper']
"Guillorme, Luis",[nan]
"Gutierrez, Vladimir",['Four-Seam Fastball' 'Changeup' 'Slider' 'Curveball']
"Gómez, Yoendrys",['Sweeper' 'Four-Seam Fastball' 'Curveball' 'Slider' 'Changeup']
"Hader, Josh",['Sinker' 'Slider' 'Changeup' 'Four-Seam Fastball']
"Hagenman, Justin",['Cutter' 'Slider' 'Changeup' 'Sinker']
"Hall, DL",['Changeup' 'Curveball' 'Four-Seam Fastball' 'Slider']
"Halvorsen, Seth",['Four-Seam Fastball' 'Slider' 'Splitter' nan 'Curveball']
"Hamel, Dom",['Sweeper' 'Four-Seam Fastball' 'Curveball' 'Cutter' 'Changeup']
"Hamilton, Ian",['Slider' 'Four-Seam Fastball' 'Sinker']
"Hampson, Garrett",['Curveball' 'Slider']
"Hancock, Emerson",['Sinker' 'Four-Seam Fastball' 'Changeup' 'Slider' 'Sweeper' 'Cutter']
"Hanifee, Brenan",['Sinker' 'Slider' 'Four-Seam Fastball' 'Changeup' nan 'Cutter']
"Harper, Daniel",['Cutter' 'Four-Seam Fastball']
"Harris, Hobie",['Splitter' 'Four-Seam Fastball' 'Cutter']
"Harris, Hogan",['Four-Seam Fastball' 'Curveball' 'Changeup' 'Sweeper' 'Sinker' 'Cutter']
"Harrison, Kyle",['Four-Seam Fastball' 'Slurve' 'Changeup' 'Curveball' 'Sinker' 'Slider']
"Hartlieb, Geoff",['Cutter' 'Four-Seam Fastball' 'Slider' 'Sinker']
"Hartwig, Grant",['Sinker' 'Sweeper' 'Four-Seam Fastball' 'Cutter' 'Changeup']
"Harvey, Hunter",['Splitter' 'Four-Seam Fastball' 'Curveball' 'Slider']
"Headrick, Brent",['Splitter' 'Sinker' 'Slider' 'Four-Seam Fastball']
"Heaney, Andrew","['Changeup' 'Four-Seam Fastball' 'Curveball' 'Slider' nan 'Sinker'
 'Cutter' 'Slurve']"
"Heasley, Jonathan",['Four-Seam Fastball' 'Slider' 'Sweeper' 'Curveball' 'Changeup']
"Hedges, Austin",[nan 'Eephus']
"Heineman, Tyler",['Eephus' nan]
"Heller, Ben",['Four-Seam Fastball' 'Sinker' 'Changeup' 'Cutter' 'Slider' 'Sweeper']
"Helsley, Ryan",['Curveball' 'Four-Seam Fastball' 'Slider' 'Cutter']
"Hendricks, Kyle",['Four-Seam Fastball' 'Changeup' 'Sinker' 'Curveball']
"Henley, Blair",['Four-Seam Fastball' 'Curveball' 'Cutter' 'Sinker' 'Sweeper' 'Changeup']
"Henriquez, Edgardo",['Sinker' 'Four-Seam Fastball' 'Cutter']
"Henriquez, Ronny",['Changeup' 'Four-Seam Fastball' 'Slider' 'Sinker']
"Henry, Tommy",['Sinker' 'Four-Seam Fastball' 'Changeup' 'Slider' 'Curveball']
"Hensley, David",[nan 'Curveball']
"Hentges, Sam",['Curveball' 'Four-Seam Fastball' 'Slider' 'Sinker']
"Henzman, Lincoln",['Four-Seam Fastball' 'Slider' 'Changeup' 'Cutter']
"Herget, Jimmy",['Changeup' 'Sinker' 'Curveball' 'Four-Seam Fastball' 'Slider']
"Herget, Kevin",['Four-Seam Fastball' 'Changeup' 'Cutter' 'Slider']
"Hernandez, Aaron",['Sinker' 'Four-Seam Fastball' 'Cutter']
"Hernandez, Adrian",['Four-Seam Fastball' 'Screwball' 'Curveball']
"Hernandez, Jose E.",['Four-Seam Fastball' 'Slider' 'Changeup']
"Hernandez, Nick",['Four-Seam Fastball' 'Splitter' 'Slider']
"Hernández, Carlos",['Four-Seam Fastball' 'Knuckle Curve' 'Slider' 'Splitter' 'Sweeper']
"Hernández, Daysbel",['Slider' 'Four-Seam Fastball' 'Sinker']
"Hernández, Elieser",['Four-Seam Fastball' 'Cutter' 'Sinker' 'Changeup' 'Slider']
"Hernández, Enrique",[nan 'Eephus']
"Hernández, Jonathan",['Sinker' 'Slider' 'Changeup' 'Four-Seam Fastball']
"Herrin, Tim",['Sinker' 'Curveball' 'Four-Seam Fastball' 'Slider']
"Herz, DJ",['Four-Seam Fastball' 'Changeup' 'Slider' 'Knuckle Curve']
"Hicks, Aaron",[nan]
"Hicks, Jordan",['Splitter' 'Sinker' 'Sweeper' 'Four-Seam Fastball']
"Higginbotham, Jake",['Four-Seam Fastball' 'Slider']
"Hill, Jaden",['Slider' 'Sinker' 'Four-Seam Fastball' 'Changeup']
"Hill, Rich",['Curveball' 'Four-Seam Fastball' 'Cutter' 'Sweeper' 'Sinker']
"Hill, Tim",['Sinker' 'Four-Seam Fastball' 'Slider']
"Hjelle, Sean",['Sinker' 'Four-Seam Fastball' 'Cutter' 'Knuckle Curve']
"Hodge, Porter",['Four-Seam Fastball' 'Sweeper' 'Splitter']
"Hoeing, Bryan",['Splitter' 'Sinker' 'Slider' 'Four-Seam Fastball']
"Hoffman, Jeff",['Slider' 'Four-Seam Fastball' 'Splitter' 'Sinker']
"Holderman, Colin",['Sweeper' 'Sinker' 'Cutter' 'Four-Seam Fastball']
"Holloway, Jordan",['Knuckle Curve' 'Four-Seam Fastball' 'Slider' 'Sinker']
"Hollowell, Gavin",['Sweeper' 'Four-Seam Fastball' 'Sinker']
"Holman, Grant",['Splitter' 'Four-Seam Fastball' 'Slider']
"Holmes, Clay",['Sweeper' 'Slider' 'Sinker' 'Four-Seam Fastball']
"Holmes, Grant",['Slider' 'Cutter' 'Four-Seam Fastball' 'Curveball' 'Changeup']
"Holton, Tyler",['Cutter' 'Four-Seam Fastball' 'Sweeper' 'Sinker' 'Curveball' 'Changeup']
"Honeywell, Brent",['Slider' 'Four-Seam Fastball' 'Changeup' 'Screwball' 'Sinker' 'Sweeper']
"Horn, Bailey",['Cutter' 'Four-Seam Fastball' 'Sweeper' 'Curveball']
"Houck, Tanner",['Splitter' 'Sweeper' 'Sinker' 'Four-Seam Fastball' 'Cutter']
"Houser, Adrian",['Four-Seam Fastball' 'Sinker' 'Slider' 'Curveball' 'Changeup']
"Howard, Spencer",['Four-Seam Fastball' 'Changeup' 'Slider' 'Curveball']
"Hudson, Bryan",['Four-Seam Fastball' 'Sweeper' 'Cutter']
"Hudson, Dakota","['Cutter' 'Curveball' 'Four-Seam Fastball' 'Sinker' 'Changeup' 'Slider'
 nan]"
"Hudson, Daniel",['Four-Seam Fastball' 'Slider' 'Sinker' 'Changeup']
"Hughes, Brandon",['Sinker' 'Slider' 'Four-Seam Fastball']
"Hurt, Kyle",['Changeup' 'Four-Seam Fastball' 'Slider' 'Sinker' 'Curveball']
"Hurter, Brant",['Sinker' 'Four-Seam Fastball' 'Sweeper' 'Changeup']
"Iglesias, Raisel",['Four-Seam Fastball' 'Slider' 'Sinker' 'Changeup']
"Imanaga, Shota","['Splitter' 'Four-Seam Fastball' 'Sinker' 'Changeup' 'Sweeper' 'Curveball'
 'Slider' nan 'Cutter']"
"Iriarte, Jairo",['Changeup' 'Four-Seam Fastball' 'Slider']
"Irvin, Cole",['Changeup' 'Sinker' 'Cutter' 'Four-Seam Fastball' 'Slider' 'Curveball']
"Irvin, Jake",['Sinker' 'Curveball' 'Four-Seam Fastball' 'Cutter' 'Changeup' 'Slider']
"Jackson, Jay",['Changeup' 'Sinker' 'Slider' 'Four-Seam Fastball']
"Jackson, Luke",['Slider' 'Curveball' 'Four-Seam Fastball' 'Cutter']
"Jackson, Zach",['Four-Seam Fastball' 'Slider' 'Changeup']
"Jacob, Alek",['Sinker' 'Changeup' 'Four-Seam Fastball' 'Sweeper']
"Jacques, Joe",['Sinker' 'Sweeper' 'Slider']
"James, Josh",['Changeup' 'Four-Seam Fastball' 'Slider' 'Cutter']
"Jansen, Kenley",['Cutter' 'Slider' 'Sinker']
"Jarvis, Bryce",['Four-Seam Fastball' 'Sinker' 'Slider' 'Cutter' 'Changeup' 'Curveball']
"Javier, Cristian",['Four-Seam Fastball' 'Slider' 'Changeup' 'Knuckle Curve']
"Jax, Griffin",['Sweeper' 'Four-Seam Fastball' 'Sinker' 'Curveball' 'Changeup']
"Jay, Tyler",['Sinker' 'Sweeper' 'Cutter' 'Four-Seam Fastball']
"Jefferies, Daulton",['Sinker' 'Four-Seam Fastball' 'Slider' 'Cutter' 'Changeup' 'Curveball']
"Jimenez, Antonio",['Slider' 'Four-Seam Fastball' 'Sinker' 'Changeup']
"Jiménez, Dany",['Slider' 'Four-Seam Fastball' 'Changeup']
"Jiménez, Joe",['Slider' 'Four-Seam Fastball' 'Changeup']
"Jobe, Jackson",['Four-Seam Fastball' 'Sweeper' 'Cutter' 'Changeup' 'Slider']
"Johnson, Pierce",['Curveball' 'Cutter' 'Four-Seam Fastball']
"Johnson, Seth",['Four-Seam Fastball' 'Slider' 'Changeup' 'Curveball']
"Jones, Jared",['Slider' 'Four-Seam Fastball' 'Curveball' 'Changeup' 'Sinker']
"Joyce, Ben",['Four-Seam Fastball' 'Slider' 'Sinker' 'Changeup']
"Juarez, Daniel",['Four-Seam Fastball' 'Sinker' 'Slider']
"Juenger, Hayden",['Cutter' 'Changeup' 'Four-Seam Fastball' 'Slider']
"Junis, Jakob",['Sinker' 'Four-Seam Fastball' 'Slider' 'Changeup' 'Cutter']
"Junk, Janson",['Slider' 'Four-Seam Fastball' 'Curveball' 'Sweeper' 'Sinker']
"Junker, Cameron",['Slider' 'Four-Seam Fastball']
"Justice, Evan",['Slider' 'Four-Seam Fastball']
"Kahnle, Tommy",['Changeup' 'Four-Seam Fastball' 'Sinker' 'Slider']
"Karcher, Ricky",['Changeup' 'Four-Seam Fastball' 'Sinker']
"Karros, Jared",['Changeup' 'Four-Seam Fastball' 'Slider']
"Keller, Brad",['Four-Seam Fastball' 'Slider' 'Sweeper' 'Changeup' 'Sinker' 'Curveball']
"Keller, Mitch","['Slider' 'Four-Seam Fastball' 'Sweeper' 'Sinker' 'Cutter' 'Curveball'
 'Changeup' nan]"
"Kelley, Trevor",['Sinker' 'Sweeper']
"Kelly, Casey",['Sinker' 'Slider' 'Curveball' 'Four-Seam Fastball' 'Changeup']
"Kelly, Joe",['Sinker' 'Four-Seam Fastball' 'Changeup' 'Knuckle Curve' 'Slider']
"Kelly, Kevin",['Sinker' 'Sweeper' 'Cutter' 'Four-Seam Fastball']
"Kelly, Merrill",['Cutter' 'Curveball' 'Changeup' 'Slider' 'Sinker' 'Four-Seam Fastball']
"Kelly, Michael",['Four-Seam Fastball' 'Sweeper' 'Slider' 'Sinker']
"Kelly, Zack",['Sweeper' 'Four-Seam Fastball' 'Changeup' 'Cutter' nan]
"Kerkering, Orion",['Sweeper' 'Four-Seam Fastball' 'Sinker']
"Kerr, Ray",['Four-Seam Fastball' 'Curveball' 'Splitter' 'Cutter']
"Kershaw, Clayton",['Curveball' 'Four-Seam Fastball' 'Slider' 'Splitter' 'Changeup' 'Sinker']
"Kessinger, Grae",[nan]
"Keuchel, Dallas",['Changeup' 'Sinker' 'Cutter' 'Slider']
"Kikuchi, Yusei",['Curveball' 'Slider' 'Four-Seam Fastball' 'Changeup']
"Kilian, Caleb","['Cutter' 'Four-Seam Fastball' 'Sweeper' 'Knuckle Curve' 'Sinker'
 'Changeup']"
"Kimbrel, Craig",['Knuckle Curve' 'Four-Seam Fastball' 'Changeup' 'Sweeper']
"Kiner-Falefa, Isiah",[nan]
"King, Bryan",['Four-Seam Fastball' 'Sweeper' 'Sinker' 'Curveball']
"King, John",['Sinker' 'Changeup' 'Slider' 'Four-Seam Fastball']
"King, Joseph",['Four-Seam Fastball' 'Changeup' 'Curveball' 'Slider']
"King, Michael",['Sinker' 'Slider' 'Four-Seam Fastball' 'Changeup' 'Sweeper']
"Kinley, Tyler",['Slider' 'Four-Seam Fastball' 'Changeup' 'Sinker' 'Cutter']
"Kirby, George","['Four-Seam Fastball' 'Slider' 'Sinker' 'Splitter' 'Knuckle Curve'
 'Knuckleball' 'Cutter']"
"Kitchen, Austin",['Sweeper' 'Sinker' 'Curveball' 'Changeup' 'Four-Seam Fastball']
"Kittredge, Andrew",['Sinker' 'Slider' 'Four-Seam Fastball' 'Cutter' nan]
"Klein, Will",['Four-Seam Fastball' 'Slider' 'Curveball' 'Cutter' 'Sinker']
"Kloffenstein, Adam",['Curveball' 'Sinker' 'Cutter']
"Knack, Landon","['Slider' 'Four-Seam Fastball' 'Knuckle Curve' 'Changeup' 'Curveball'
 'Sweeper']"
"Knizner, Andrew",['Eephus' nan]
"Koch, Matt",['Four-Seam Fastball' 'Cutter' 'Slider']
"Kochanowicz, Jack",['Sinker' 'Four-Seam Fastball' 'Sweeper' 'Slider' 'Changeup']
"Koenig, Jared",['Sinker' 'Cutter' 'Changeup' 'Curveball' 'Four-Seam Fastball' 'Slider']
"Kolarek, Adam",['Slider' 'Sinker']
"Kolek, Stephen",['Cutter' 'Sinker' 'Slider' 'Four-Seam Fastball' 'Changeup' 'Sweeper']
"Kopech, Michael",['Four-Seam Fastball' 'Cutter' 'Slider' nan]
"Kravetz, Evan",['Splitter' 'Four-Seam Fastball' 'Knuckle Curve']
"Krehbiel, Joey",['Sinker' 'Cutter' 'Four-Seam Fastball' 'Changeup']
"Kremer, Dean",['Splitter' 'Four-Seam Fastball' 'Cutter' 'Sinker' 'Curveball']
"Kristofak, Zac",['Slider' 'Four-Seam Fastball' 'Changeup' 'Curveball']
"Krook, Matt",['Sweeper' 'Sinker' 'Cutter' 'Changeup']
"Kuhl, Chad",['Slider' 'Sweeper' 'Four-Seam Fastball' 'Changeup' 'Sinker' 'Cutter']
"Kuhnel, Joel",['Slider' 'Four-Seam Fastball' 'Changeup' 'Sinker' 'Curveball']
"Kwiatkowski, Robert",['Changeup' 'Four-Seam Fastball' 'Slider']
"La Sorsa, Joe",['Sweeper' 'Sinker' 'Changeup' 'Cutter' 'Four-Seam Fastball']
"Labaut, Randy",['Four-Seam Fastball' 'Changeup' 'Cutter']
"Lambert, Peter","['Changeup' 'Four-Seam Fastball' 'Slider' 'Slurve' 'Cutter' 'Curveball'
 'Sinker']"
"Lamet, Dinelson",['Four-Seam Fastball' 'Slider' 'Sinker' 'Changeup']
"Lange, Alex",['Knuckle Curve' 'Sinker' 'Four-Seam Fastball' 'Changeup']
"Lao, Sauryn",['Sinker' 'Slider']
"Latz, Jacob",['Four-Seam Fastball' 'Curveball' 'Slider' 'Changeup']
"Lauer, Eric",['Curveball' 'Slider' 'Four-Seam Fastball']
"Law, Derek",['Four-Seam Fastball' 'Cutter' 'Slider' 'Sinker' 'Changeup' 'Curveball']
"Lawrence, Casey",['Changeup' 'Slider' 'Sinker' 'Cutter' 'Four-Seam Fastball' 'Sweeper']
"Lawrence, Justin",['Sinker' 'Sweeper' 'Four-Seam Fastball']
"Lazar, Max",['Four-Seam Fastball' 'Curveball' 'Cutter' 'Slider']
"Leahy, Kyle",['Slider' 'Changeup' 'Four-Seam Fastball' 'Sweeper' 'Curveball']
"Leasure, Jordan",['Four-Seam Fastball' 'Curveball' 'Slider']
"Leclerc, José",['Slider' 'Curveball' 'Four-Seam Fastball' 'Cutter' 'Changeup' 'Sinker']
"Lee, Dylan",['Slider' 'Four-Seam Fastball' 'Changeup']
"Leftwich, Jack",['Four-Seam Fastball' 'Sinker' 'Curveball' 'Sweeper' 'Slider']
"Legumina, Casey",['Changeup' 'Four-Seam Fastball' 'Slider' 'Sweeper']
"Lehman, Taylor",['Curveball' 'Four-Seam Fastball' 'Cutter']
"Leibrandt, Brandon",['Changeup' 'Four-Seam Fastball' 'Slider' 'Sinker' 'Sweeper']
"Leigh, Zac",['Slider' 'Cutter' 'Sinker' 'Four-Seam Fastball' 'Curveball']
"Leiter Jr., Mark","['Sweeper' 'Curveball' 'Four-Seam Fastball' 'Splitter' 'Cutter' 'Sinker'
 'Changeup']"
"Leiter, Jack",['Slider' 'Four-Seam Fastball' 'Curveball' 'Changeup' 'Sinker' 'Cutter']
"Leone, Dominic",['Slider' 'Four-Seam Fastball' 'Changeup' 'Sinker' 'Cutter' 'Sweeper']
"Liberatore, Matthew",['Four-Seam Fastball' 'Slider' 'Sinker' 'Cutter' 'Curveball' 'Changeup']
"Linarez, Valentin",['Four-Seam Fastball' 'Sinker' 'Slider']
"Liranzo, Jesús",['Cutter' 'Four-Seam Fastball' 'Changeup']
"Littell, Zack",['Splitter' 'Sinker' 'Slider' 'Four-Seam Fastball' 'Sweeper']
"Little, Brendon",['Sinker' 'Cutter' 'Knuckle Curve']
"Little, Luke",['Sweeper' 'Four-Seam Fastball' 'Splitter' 'Sinker' 'Slider']
"Lively, Ben","['Sinker' 'Slider' 'Four-Seam Fastball' 'Changeup' 'Curveball' 'Sweeper'
 'Cutter']"
"Lodolo, Nick",['Curveball' 'Four-Seam Fastball' 'Changeup' 'Sinker' nan]
"Loftin, Nick",[nan 'Curveball' 'Slider']
"Logue, Zach",['Curveball' 'Four-Seam Fastball' 'Changeup' 'Sinker' 'Cutter']
"Long, Sam",['Four-Seam Fastball' 'Splitter' 'Curveball' 'Slider' 'Sinker']
"Lopez, Jacob",['Four-Seam Fastball' 'Cutter' 'Slider' 'Changeup']
"Lorenzen, Michael","['Four-Seam Fastball' 'Sweeper' 'Curveball' 'Cutter' 'Sinker' 'Slider'
 'Changeup']"
"Loutos, Ryan",['Sweeper' 'Four-Seam Fastball' 'Changeup']
"Lovelady, Richard",['Slider' 'Sinker' 'Four-Seam Fastball' 'Sweeper']
"Lowder, Rhett",['Four-Seam Fastball' 'Slider' 'Changeup' 'Sinker']
"Loáisiga, Jonathan",['Changeup' 'Sinker' 'Four-Seam Fastball' 'Curveball']
"Lucas, Easton",['Four-Seam Fastball' 'Cutter' 'Sweeper' 'Changeup' 'Slider']
"Lucchesi, Joey",['Cutter' 'Sinker' 'Curveball' 'Changeup' 'Four-Seam Fastball']
"Lugo, Seth","['Cutter' 'Four-Seam Fastball' 'Slurve' 'Sweeper' 'Sinker' 'Curveball'
 'Splitter' 'Changeup' 'Slider' nan]"
"Luzardo, Jesús",['Changeup' 'Four-Seam Fastball' 'Slider' 'Sinker' 'Curveball']
"Lyles, Jordan",['Cutter' 'Changeup' 'Curveball' 'Sweeper' 'Sinker' 'Four-Seam Fastball']
"Lynch IV, Daniel","['Changeup' 'Four-Seam Fastball' 'Sinker' 'Knuckle Curve' 'Slider'
 'Cutter']"
"Lynn, Lance",['Four-Seam Fastball' 'Curveball' 'Sinker' 'Changeup' 'Cutter' 'Sweeper']
"López, Jorge",['Changeup' 'Knuckle Curve' 'Four-Seam Fastball' 'Sinker' 'Slider']
"López, Pablo",['Sweeper' 'Four-Seam Fastball' 'Changeup' 'Sinker' 'Curveball']
"López, Reynaldo",['Slider' 'Four-Seam Fastball' 'Curveball' 'Changeup']
"Mabrey, Will",['Slider' 'Sinker']
"Maciejewski, Josh",['Changeup' 'Four-Seam Fastball' 'Sinker' 'Slider']
"Macuare, Angel",['Four-Seam Fastball' 'Cutter' 'Slider']
"Madden, Ty","['Slider' 'Four-Seam Fastball' 'Cutter' 'Splitter' 'Sinker'
 'Knuckle Curve']"
"Maeda, Kenta","['Sweeper' 'Splitter' 'Sinker' 'Four-Seam Fastball' 'Curveball' 'Slider'
 'Cutter']"
"Mahle, Tyler",['Four-Seam Fastball' 'Splitter' 'Slider' 'Cutter']
"Maile, Luke",[nan 'Knuckleball' 'Eephus']
"Maldonado, Anthony",['Four-Seam Fastball' 'Slider' 'Cutter' 'Sinker']
"Manaea, Sean",['Sweeper' 'Changeup' 'Four-Seam Fastball' 'Sinker' 'Slider' 'Cutter']
"Manning, Matt",['Sweeper' 'Four-Seam Fastball' 'Slider' 'Splitter' 'Curveball']
"Manoah, Alek",['Four-Seam Fastball' 'Slider' 'Changeup' 'Sinker']
"Mantiply, Joe",['Curveball' 'Sinker' 'Changeup' 'Four-Seam Fastball']
"Marinaccio, Ron",['Four-Seam Fastball' 'Changeup' 'Sweeper' 'Sinker']
"Marquez, Emilio",['Slider' 'Four-Seam Fastball' 'Curveball']
"Marrero, Andrew",['Sinker' 'Slider']
"Marsh, Alec",['Curveball' 'Sinker' 'Slider' 'Changeup' 'Four-Seam Fastball' 'Sweeper']
"Marte, José",['Sinker' 'Changeup' 'Slider' 'Four-Seam Fastball']
"Marte, Yunior",['Slider' 'Sinker' 'Four-Seam Fastball' 'Splitter' 'Cutter']
"Martin, Chris",['Sinker' 'Cutter' 'Splitter' 'Four-Seam Fastball' 'Sweeper']
"Martin, Davis",['Sinker' 'Slider' 'Cutter' 'Changeup' 'Curveball' 'Four-Seam Fastball']
"Martin, Riley",['Four-Seam Fastball' 'Slider' 'Curveball' 'Cutter']
"Martinez, Justin",['Sinker' 'Four-Seam Fastball' 'Slider' 'Splitter']
"Martinez, Nick",['Sinker' 'Cutter' 'Curveball' 'Changeup' 'Four-Seam Fastball' 'Slider']
"Martinez, Seth",['Sweeper' 'Changeup' 'Four-Seam Fastball' 'Sinker']
"Maton, Phil",['Cutter' 'Sinker' 'Curveball' 'Sweeper' 'Slider']
"Matsui, Yuki",['Slider' 'Four-Seam Fastball' 'Splitter' 'Sweeper' 'Curveball' 'Sinker']
"Matthews, John",['Slider' 'Sinker' 'Curveball']
"Matthews, Zebby",['Slider' 'Four-Seam Fastball' 'Cutter' 'Curveball' 'Changeup']
"Mattson, Isaac",['Changeup' 'Four-Seam Fastball' 'Slider' 'Curveball']
"Matz, Steven",['Changeup' 'Curveball' 'Sinker' 'Slider' 'Four-Seam Fastball']
"Matzek, Tyler",['Four-Seam Fastball' 'Slider' 'Cutter' 'Sinker']
"Mayers, Mike",['Slider' 'Four-Seam Fastball' 'Cutter']
"Mayza, Tim",['Sinker' 'Four-Seam Fastball' 'Cutter' 'Slider']
"Mazur, Adam",['Four-Seam Fastball' 'Changeup' 'Curveball' 'Slider' 'Sinker' 'Sweeper']
"McArthur, James",['Sinker' 'Slider' 'Curveball' 'Four-Seam Fastball' nan]
"McCann, James",['Eephus' 'Knuckleball']
"McCaughan, Darren",['Sinker' 'Sweeper' 'Changeup' 'Four-Seam Fastball']
"McClure, Kade",['Curveball' 'Four-Seam Fastball' 'Slider' 'Changeup']
"McDermott, Chayce",['Four-Seam Fastball' 'Slider' 'Changeup' 'Curveball' 'Sweeper']
"McDonald, Cole",['Sweeper' 'Four-Seam Fastball' 'Cutter' 'Curveball']
"McDonald, Trevor",['Sinker' 'Slider' 'Changeup' 'Four-Seam Fastball']
"McFarland, T.J.",['Sinker' 'Sweeper' 'Changeup' 'Cutter']
"McGough, Scott",['Four-Seam Fastball' 'Slider' 'Splitter' 'Sinker']
"McGough, Trey",['Slider' 'Four-Seam Fastball' 'Changeup' 'Curveball' 'Sinker']
"McGreevy, Michael",['Four-Seam Fastball' 'Sweeper' 'Sinker' 'Cutter' 'Curveball' 'Changeup']
"McKay, Tyler",['Changeup' 'Sinker' 'Sweeper']
"McKenzie, Triston",['Slider' 'Four-Seam Fastball' 'Curveball']
"McKinstry, Zach",['Curveball' nan 'Eephus']
"McLoughlin, Trey",['Slider' 'Four-Seam Fastball' 'Changeup' 'Splitter']
"McMillon, John",['Four-Seam Fastball' 'Slider' 'Cutter']
"McSteen, Jake",['Four-Seam Fastball' 'Cutter' 'Sinker' 'Slider' 'Changeup']
"McWilliams, Sam",['Sweeper' 'Four-Seam Fastball' 'Slider']
"Means, John",['Changeup' 'Slider' 'Four-Seam Fastball' 'Knuckle Curve']
"Mears, Nick",['Four-Seam Fastball' 'Curveball' 'Slider' 'Cutter']
"Mederos, Victor",['Four-Seam Fastball' 'Slider' 'Sinker' 'Curveball' 'Changeup']
"Medina, Luis",['Sinker' 'Four-Seam Fastball' 'Changeup' 'Slider' 'Curveball']
"Meeker, James",['Cutter' 'Slider' 'Four-Seam Fastball']
"Megill, Trevor",['Four-Seam Fastball' 'Knuckle Curve' 'Sinker' 'Cutter' 'Slider']
"Megill, Tylor","['Slider' 'Four-Seam Fastball' 'Splitter' 'Sinker' 'Cutter' 'Curveball'
 'Changeup' 'Sweeper']"
"Meis, Justin",['Slider' 'Four-Seam Fastball' 'Changeup']
"Mena, Cristian",['Curveball' 'Changeup' 'Four-Seam Fastball' 'Sweeper' 'Sinker']
"Mendick, Danny",['Eephus' nan]
"Mercado, Michael",['Four-Seam Fastball' 'Cutter' 'Changeup' 'Curveball']
"Merryweather, Julian",['Four-Seam Fastball' 'Slider' 'Changeup' 'Sweeper']
"Mervis, Matt",['Eephus' nan]
"Meyer, Max",['Slider' 'Four-Seam Fastball' 'Sinker' 'Changeup' 'Sweeper']
"Michael, Trevin",['Four-Seam Fastball' 'Sweeper' 'Sinker' 'Cutter']
"Mikolas, Miles","['Four-Seam Fastball' 'Slider' 'Sinker' 'Curveball' 'Changeup' 'Sweeper'
 nan]"
"Miley, Wade",['Sinker' 'Cutter' 'Changeup' 'Four-Seam Fastball' 'Curveball' 'Slider']
"Miller, Bobby",['Sinker' 'Curveball' 'Four-Seam Fastball' 'Changeup' 'Slider']
"Miller, Bryce","['Splitter' 'Sweeper' 'Knuckle Curve' 'Four-Seam Fastball' 'Cutter'
 'Sinker' 'Slider']"
"Miller, Erik",['Slider' 'Four-Seam Fastball' 'Changeup']
"Miller, Mason",['Slider' 'Four-Seam Fastball' 'Changeup' 'Splitter']
"Miller, Mitch",['Four-Seam Fastball']
"Miller, Owen",[nan]
"Miller, Ryan",['Sweeper' 'Slider' 'Four-Seam Fastball']
"Miller, Shelby",['Four-Seam Fastball' 'Slider' 'Splitter' 'Cutter']
"Miller, Tyson",['Sweeper' 'Four-Seam Fastball' 'Sinker' 'Curveball' 'Changeup']
"Milner, Hoby",['Sinker' 'Sweeper' 'Slurve' 'Four-Seam Fastball' 'Changeup']
"Minter, A.J.",['Cutter' 'Four-Seam Fastball' 'Changeup']
"Misiewicz, Anthony",['Cutter' 'Curveball' 'Four-Seam Fastball' 'Slider']
"Mize, Casey","['Four-Seam Fastball' 'Splitter' 'Slider' 'Knuckle Curve' 'Sinker'
 'Cutter' 'Slurve']"
"Mlodzinski, Carmen",['Four-Seam Fastball' 'Sweeper' 'Slider' 'Cutter' 'Changeup']
"Molina, Anthony",['Four-Seam Fastball' 'Changeup' 'Slider' 'Curveball']
"Moll, Sam",['Sinker' 'Sweeper' 'Four-Seam Fastball' 'Changeup']
"Montas, Frankie",['Splitter' 'Four-Seam Fastball' 'Slider' 'Sinker' 'Cutter']
"Montero, Euri",['Slider' 'Sinker']
"Montero, Keider",['Four-Seam Fastball' 'Knuckle Curve' 'Changeup' 'Slider' 'Sinker']
"Montero, Rafael",['Sinker' 'Four-Seam Fastball' 'Changeup' 'Slider']
"Montes De Oca, Christian",['Sinker' 'Slider']
"Monteverde, Patrick",['Cutter' 'Four-Seam Fastball' 'Changeup' 'Curveball' 'Slider']
"Montgomery, Jordan",['Curveball' 'Changeup' 'Four-Seam Fastball' 'Sinker' 'Slider']
"Montgomery, Mason",['Four-Seam Fastball' 'Slider']
"Montilla, Emailin",['Four-Seam Fastball' 'Slider' 'Changeup' 'Sinker']
"Moore, Matt",['Changeup' 'Four-Seam Fastball' 'Knuckle Curve' 'Cutter']
"Morales, Francisco",['Cutter' 'Sinker']
"Morejon, Adrian",['Slider' 'Sinker' 'Splitter' 'Four-Seam Fastball' 'Sweeper']
"Moreno, Gerson",['Slider' 'Sinker']
"Moreno, Luis",['Curveball' 'Sinker' 'Slider']
"Morgan, Eli",['Four-Seam Fastball' 'Slider' 'Changeup']
"Morris, Cody",['Curveball' 'Cutter' 'Changeup' 'Four-Seam Fastball']
"Morton, Charlie",['Curveball' 'Four-Seam Fastball' 'Changeup' 'Sinker' 'Cutter']
"Mosqueda, Oddanier",['Four-Seam Fastball' 'Sinker' 'Curveball' 'Slider']
"Muller, Kyle",['Slider' 'Four-Seam Fastball' 'Curveball' 'Changeup' 'Splitter']
"Musgrove, Joe","['Curveball' 'Cutter' 'Sweeper' 'Four-Seam Fastball' 'Sinker' 'Changeup'
 'Slider']"
"Mushinski, Parker",['Cutter' 'Four-Seam Fastball' 'Curveball' 'Sinker' 'Sweeper']
"Muñoz, Andrés",['Slider' 'Four-Seam Fastball' 'Sinker']
"Muñoz, Roddery",['Sinker' 'Changeup' 'Four-Seam Fastball' 'Cutter' 'Slider']
"Myers, Tobias",['Slider' 'Four-Seam Fastball' 'Changeup' 'Curveball' 'Cutter' 'Sinker']
"Márquez, Germán",['Slider' 'Four-Seam Fastball' 'Sinker' 'Knuckle Curve' 'Changeup']
"Nahas, Joe",['Curveball' 'Cutter' 'Sinker' 'Slider' 'Four-Seam Fastball']
"Nance, Tommy",['Curveball' 'Sinker' 'Slider' 'Four-Seam Fastball']
"Nardi, Andrew",['Slider' 'Four-Seam Fastball' 'Changeup']
"Nastrini, Nick",['Slider' 'Four-Seam Fastball' 'Curveball' 'Changeup']
"Naughton, Tim",['Cutter' 'Sinker']
"Neely, Jack",['Slider' 'Four-Seam Fastball']
"Nelson, Kyle",['Slider' 'Cutter' 'Four-Seam Fastball']
"Nelson, Nick",['Sinker' 'Changeup' 'Four-Seam Fastball' 'Slider' 'Knuckleball']
"Nelson, Ryne",['Four-Seam Fastball' 'Cutter' 'Slider' 'Changeup' 'Curveball' 'Sweeper']
"Neris, Héctor",['Splitter' 'Four-Seam Fastball' 'Sinker' 'Slider']
"Newcomb, Sean",['Slurve' 'Sinker' 'Four-Seam Fastball' 'Curveball' 'Changeup']
"Nicolas, Kyle",['Four-Seam Fastball' 'Slider' 'Curveball' 'Sinker']
"Nittoli, Vinny",['Sweeper' 'Cutter' 'Curveball' 'Changeup' 'Sinker']
"Nixon, Aaron",['Four-Seam Fastball']
"Nola, Aaron",['Sinker' 'Knuckle Curve' 'Four-Seam Fastball' 'Changeup' 'Cutter']
"Núñez, Dedniel",['Slider' 'Four-Seam Fastball' 'Sinker' 'Changeup' 'Curveball']
"O'Brien, Riley",['Curveball' 'Sinker' 'Slider' 'Four-Seam Fastball']
"O'Loughlin, Jack",['Curveball' 'Four-Seam Fastball' 'Changeup' 'Slider' 'Sinker']
"Ober, Bailey",['Four-Seam Fastball' 'Changeup' 'Sweeper' 'Curveball' 'Slider']
"Odorizzi, Jake",['Slider' 'Cutter' 'Splitter' 'Four-Seam Fastball']
"Okert, Steven",['Changeup' 'Slider' 'Sinker' 'Four-Seam Fastball']
"Olds, Wyatt",['Cutter' 'Sinker']
"Oller, Adam","['Slider' 'Curveball' 'Four-Seam Fastball' 'Slurve' 'Sinker' 'Changeup'
 'Cutter']"
"Olson, Reese",['Four-Seam Fastball' 'Changeup' 'Curveball' 'Slider' 'Sinker']
"Ort, Kaleb",['Sweeper' 'Four-Seam Fastball' 'Cutter' 'Changeup']
"Ortiz, Luis F.",['Sweeper' 'Sinker' 'Curveball' 'Slider' 'Four-Seam Fastball' 'Changeup']
"Ortiz, Luis L.",['Four-Seam Fastball' 'Cutter' 'Slider' 'Sinker' 'Changeup']
"Orze, Eric",['Changeup' 'Four-Seam Fastball' 'Slider']
"Otañez, Michel",['Four-Seam Fastball' 'Slider' 'Sinker']
"Ottavino, Adam","['Four-Seam Fastball' 'Sinker' 'Curveball' 'Sweeper' 'Cutter' 'Slider'
 'Changeup']"
"Paddack, Chris",['Four-Seam Fastball' 'Changeup' 'Curveball' 'Slider']
"Pagán, Emilio",['Cutter' 'Splitter' 'Four-Seam Fastball']
"Palacios, Luis",['Changeup' 'Cutter' 'Sinker' 'Slider']
"Palencia, Daniel",['Four-Seam Fastball' 'Slider' 'Splitter' 'Sinker' 'Curveball']
"Pallante, Andre",['Four-Seam Fastball' 'Slider' 'Knuckle Curve' 'Sinker' nan]
"Pardinho, Eric",['Splitter' 'Curveball' 'Four-Seam Fastball' 'Slider']
"Paredes, Enoli",['Four-Seam Fastball' 'Slider' 'Sinker' 'Cutter']
"Parker, Mitchell",['Four-Seam Fastball' 'Curveball' 'Splitter' 'Slider']
"Parsons, Hunter",['Slider' 'Four-Seam Fastball' 'Sweeper' 'Cutter']
"Parsons, Wes",['Curveball' 'Four-Seam Fastball' 'Changeup' 'Sinker' 'Slider']
"Paxton, James",['Knuckle Curve' 'Sinker' 'Four-Seam Fastball' 'Changeup' 'Cutter']
"Payamps, Joel",['Sinker' 'Slider' 'Four-Seam Fastball' 'Changeup' 'Curveball']
"Pearson, Nate",['Slider' 'Four-Seam Fastball' 'Sinker' 'Curveball' 'Splitter']
"Peguero, Elvis",['Sinker' 'Slider' 'Curveball' 'Cutter']
"Peguero, Joel",['Four-Seam Fastball']
"Pennington, Walter",['Cutter' 'Slider' 'Sinker' 'Four-Seam Fastball']
"Penrod, Zach",['Four-Seam Fastball' 'Changeup' 'Slider']
"Pepiot, Ryan",['Four-Seam Fastball' 'Slider' 'Changeup' 'Cutter' 'Curveball' 'Sinker']
"Peralta, Freddy",['Four-Seam Fastball' 'Changeup' 'Slider' 'Curveball' 'Sinker']
"Peralta, Luis",['Four-Seam Fastball' 'Curveball' 'Changeup']
"Peralta, Sammy",['Changeup' 'Four-Seam Fastball' 'Sweeper' 'Slider' 'Sinker']
"Peralta, Wandy",['Changeup' 'Sinker' 'Slider' 'Four-Seam Fastball']
"Peralta, Wily",['Splitter' 'Slider' 'Four-Seam Fastball']
"Pereda, Jhonny",['Eephus']
"Petersen, Michael",['Four-Seam Fastball' 'Cutter' 'Sinker' 'Changeup' 'Slider']
"Peterson, David",['Sinker' 'Changeup' 'Four-Seam Fastball' 'Curveball' 'Slider']
"Petit, RJ",['Four-Seam Fastball' 'Changeup' 'Sinker' 'Slider']
"Pfaadt, Brandon","['Four-Seam Fastball' 'Curveball' 'Sweeper' 'Changeup' 'Sinker' nan
 'Splitter']"
"Pham, Alex",['Curveball' 'Cutter' 'Four-Seam Fastball' 'Changeup' 'Slider']
"Phillips, Evan",['Sweeper' 'Four-Seam Fastball' 'Cutter' 'Sinker']
"Phillips, Tyler",['Sinker' 'Sweeper' 'Curveball' 'Four-Seam Fastball' 'Splitter']
"Pint, Riley",['Slider' 'Four-Seam Fastball' 'Sinker']
"Pinto, Ricardo",['Sinker' 'Slider' 'Four-Seam Fastball' 'Splitter' 'Sweeper']
"Pivetta, Nick",['Curveball' 'Sweeper' 'Four-Seam Fastball' 'Cutter' 'Slider' nan 'Sinker']
"Plesac, Zach",['Four-Seam Fastball' 'Slider' 'Changeup' 'Curveball']
"Poche, Colin",['Slider' 'Four-Seam Fastball' 'Sinker']
"Ponce, Gabriel",['Four-Seam Fastball' 'Slider']
"Pop, Zach",['Cutter' 'Sinker' 'Slider' nan 'Four-Seam Fastball']
"Poppen, Sean",['Sinker' 'Slider' 'Changeup']
"Poteet, Cody",['Sinker' 'Sweeper' 'Changeup' 'Four-Seam Fastball' 'Curveball']
"Poulin, PJ",['Four-Seam Fastball']
"Povich, Cade",['Changeup' 'Four-Seam Fastball' 'Curveball' 'Sweeper' 'Sinker' 'Cutter']
"Pratto, Nick",[nan]
"Pressly, Ryan",['Slider' 'Curveball' 'Changeup' 'Four-Seam Fastball' 'Sinker']
"Priester, Quinn",['Sinker' 'Slider' 'Cutter' 'Changeup' 'Curveball' 'Four-Seam Fastball']
"Pruitt, Austin",['Four-Seam Fastball' 'Sinker' 'Changeup' 'Slider' 'Curveball']
"Puk, A.J.",['Slider' 'Four-Seam Fastball' 'Sinker' 'Sweeper' 'Changeup' 'Splitter']
"Pérez, Cionel",['Slurve' 'Sinker' 'Four-Seam Fastball' 'Curveball']
"Pérez, Martín",['Cutter' 'Sinker' 'Changeup' 'Four-Seam Fastball' 'Curveball' 'Slider']
"Quantrill, Cal","['Four-Seam Fastball' 'Cutter' 'Changeup' 'Splitter' 'Curveball' 'Sinker'
 'Slider' nan]"
"Quijada, José",['Four-Seam Fastball' 'Slider' 'Changeup' 'Sinker']
"Quinones, Luis",['Four-Seam Fastball' 'Changeup' 'Slider' 'Cutter']
"Quintana, Jose",['Changeup' 'Curveball' 'Slurve' 'Sinker' 'Four-Seam Fastball']
"Ragans, Cole","['Changeup' 'Knuckle Curve' 'Four-Seam Fastball' 'Cutter' 'Slider'
 'Sinker' 'Curveball']"
"Rainey, Tanner",['Four-Seam Fastball' 'Slider' 'Changeup']
"Raley, Brooks",['Cutter' 'Sweeper' 'Sinker' 'Changeup']
"Ramirez, Emmanuel",['Splitter' 'Four-Seam Fastball' 'Slider']
"Ramirez, Nick",['Changeup' 'Sweeper' 'Sinker' 'Four-Seam Fastball']
"Ramos, Wilkin",['Sinker' 'Curveball']
"Ramírez, Erasmo",['Curveball' 'Changeup' 'Sinker' 'Cutter' 'Four-Seam Fastball']
"Ramírez, Yohan",['Sweeper' 'Sinker' 'Curveball' 'Four-Seam Fastball' 'Changeup']
"Rasmussen, Drew",['Four-Seam Fastball' 'Sinker' 'Sweeper' 'Cutter']
"Ray, Robbie",['Four-Seam Fastball' 'Knuckle Curve' 'Slider']
"Rea, Colin","['Sinker' 'Four-Seam Fastball' 'Splitter' 'Curveball' 'Cutter' 'Sweeper'
 'Changeup' 'Slider']"
"Record, Joe",['Sinker']
"Reid-Foley, Sean",['Four-Seam Fastball' 'Changeup' 'Slider']
"Reyes, Angel",['Sinker' 'Slider' 'Cutter' 'Changeup']
"Reyes, Gerardo",['Slider' 'Four-Seam Fastball' 'Cutter' nan]
"Reyes, Pablo",['Curveball' nan 'Eephus']
"Reynolds, Sean",['Sweeper' 'Four-Seam Fastball' 'Slider' 'Changeup']
"Ribalta, Orlando",['Four-Seam Fastball' 'Changeup' 'Slider']
"Rice, Jake",['Four-Seam Fastball' 'Slider']
"Richards, Trevor",['Four-Seam Fastball' 'Changeup']
"Richardson, Lyon",['Sinker' 'Four-Seam Fastball' 'Slider' 'Changeup']
"Riley, Trey",['Four-Seam Fastball' 'Cutter' 'Slider']
"Rivas, Leo",['Eephus']
"Rivera, Emmanuel",['Eephus' nan 'Slider']
"Robert, Daniel",['Four-Seam Fastball' 'Sweeper' 'Cutter' 'Sinker' 'Changeup']
"Roberts, Austin",['Curveball' 'Cutter']
"Roberts, Ethan",['Cutter' 'Sweeper' 'Sinker' 'Four-Seam Fastball']
"Robertson, David",['Slider' 'Cutter' 'Knuckle Curve' 'Changeup' 'Sinker']
"Robertson, Nick",['Slider' 'Four-Seam Fastball' 'Sweeper' 'Changeup' 'Cutter']
"Rocker, Kumar",['Four-Seam Fastball' 'Slider' 'Sinker' 'Curveball' 'Changeup']
"Rodriguez, Carlos",['Cutter' 'Slider' 'Curveball' 'Sinker' 'Four-Seam Fastball' 'Changeup']
"Rodriguez, Eduardo",['Four-Seam Fastball' 'Cutter' 'Changeup' 'Sinker' 'Slider']
"Rodriguez, Grayson",['Four-Seam Fastball' 'Slider' 'Curveball' 'Changeup' 'Sinker']
"Rodriguez, Miguel",['Changeup' 'Four-Seam Fastball' 'Sinker' 'Slider']
"Rodríguez, Joely",['Changeup' 'Sinker' 'Sweeper' 'Slider' 'Four-Seam Fastball']
"Rodríguez, Manuel",['Slider' 'Sinker' 'Four-Seam Fastball' 'Sweeper']
"Rodríguez, Randy",['Slider' 'Four-Seam Fastball' 'Sinker' 'Changeup']
"Rodríguez, Wilking",['Four-Seam Fastball' 'Cutter' 'Curveball']
"Rodríguez, Yariel",['Four-Seam Fastball' 'Curveball' 'Slider' 'Sinker' 'Splitter' nan]
"Rodríguez, Yerry",['Changeup' 'Four-Seam Fastball' 'Sinker' 'Slider']
"Rodón, Carlos",['Slider' 'Four-Seam Fastball' 'Cutter' 'Changeup' 'Curveball' 'Sinker']
"Rogers, Josh",['Slider' 'Four-Seam Fastball' 'Changeup' 'Sweeper' 'Sinker' 'Cutter']
"Rogers, Taylor",['Sinker' 'Sweeper']
"Rogers, Trevor",['Sinker' 'Four-Seam Fastball' 'Slider' 'Changeup']
"Rogers, Tyler",['Sinker' 'Slider' 'Four-Seam Fastball']
"Rojas, Josh",['Eephus' 'Curveball' nan]
"Rojas, Miguel",[nan 'Eephus']
"Rom, Drew",['Four-Seam Fastball' 'Sinker' 'Sweeper']
"Romano, Jordan",['Slider' 'Four-Seam Fastball']
"Romero, JoJo",['Changeup' 'Sinker' 'Slider' 'Four-Seam Fastball' 'Cutter']
"Romero, Jose",['Four-Seam Fastball' 'Curveball' 'Slider']
"Rooney, John",['Slider' 'Sinker']
"Rortvedt, Ben",[nan 'Eephus' 'Changeup']
"Rosenberg, Kenny",['Changeup' 'Cutter' 'Four-Seam Fastball' 'Curveball']
"Ross, Joe",['Slider' 'Four-Seam Fastball' 'Sinker' 'Changeup' 'Curveball']
"Roupp, Landen",['Curveball' 'Sinker' 'Changeup' 'Slider' 'Four-Seam Fastball' nan]
"Roycroft, Chris",['Sweeper' 'Four-Seam Fastball' 'Sinker' 'Cutter']
"Ruiz, José",['Sinker' 'Curveball' 'Four-Seam Fastball' 'Changeup' 'Slider']
"Rutledge, Jackson",['Cutter' 'Slider' 'Four-Seam Fastball' 'Sinker' 'Splitter' 'Curveball']
"Ryan, Joe",['Splitter' 'Four-Seam Fastball' 'Sweeper' 'Sinker' 'Slider']
"Ryan, River",['Slider' 'Four-Seam Fastball' 'Sinker' 'Curveball' 'Changeup' 'Cutter']
"Ryan, Ryder",['Slider' 'Sinker' 'Four-Seam Fastball' 'Changeup']
"Saalfrank, Andrew",['Sinker' 'Curveball']
"Sabrowski, Erik",['Curveball' 'Four-Seam Fastball' 'Slider']
"Sadzeck, Connor",['Slider' 'Sinker' 'Curveball']
"Salazar, Eduardo",['Four-Seam Fastball' 'Sinker' 'Slider' 'Curveball' 'Changeup']
"Sale, Chris",['Slider' 'Four-Seam Fastball' 'Changeup' 'Sinker']
"Samaniego, Tyler",['Slider' 'Four-Seam Fastball' 'Sinker' 'Changeup']
"Sammons, Bryan",['Four-Seam Fastball' 'Sweeper' 'Changeup' 'Curveball' 'Cutter']
"Sampson, Adrian",['Slider' 'Sinker' 'Changeup' 'Four-Seam Fastball']
"Sanchez, Juan",['Four-Seam Fastball' 'Changeup' 'Sinker']
"Sanders, Cam",['Sinker' 'Cutter' 'Four-Seam Fastball' 'Curveball']
"Sandlin, Nick",['Four-Seam Fastball' 'Splitter' 'Sinker' 'Slider']
"Sandoval, Patrick",['Sinker' 'Slider' 'Four-Seam Fastball' 'Sweeper' 'Changeup' 'Curveball']
"Sands, Cole",['Four-Seam Fastball' 'Cutter' 'Splitter' 'Sinker' 'Curveball']
"Santana, Dennis",['Cutter' 'Changeup' 'Four-Seam Fastball' 'Slider' 'Sinker' 'Curveball']
"Santillan, Tony",['Four-Seam Fastball' 'Slider' 'Changeup']
"Santos, Gregory",['Sinker' 'Slider' 'Changeup']
"Santos, Junior",['Sinker' 'Slider' 'Four-Seam Fastball']
"Sanó, Miguel",['Curveball' nan]
"Saucedo, Tayler",['Sinker' 'Sweeper' 'Slider' 'Changeup' 'Four-Seam Fastball' 'Curveball']
"Sauer, Matt",['Four-Seam Fastball' 'Sweeper' 'Curveball' 'Sinker' 'Splitter' 'Changeup']
"Sborz, Josh",['Slider' 'Four-Seam Fastball' 'Curveball']
"Scalzo Jr., Frankie",['Slider' 'Four-Seam Fastball' 'Sinker' 'Curveball']
"Scherzer, Max",['Four-Seam Fastball' 'Slider' 'Curveball' 'Changeup' 'Cutter']
"Schmidt, Clarke","['Sweeper' 'Cutter' 'Sinker' 'Knuckle Curve' 'Four-Seam Fastball'
 'Changeup']"
"Schoff, Tyler",['Cutter' 'Curveball']
"Schreiber, John",['Four-Seam Fastball' 'Cutter' 'Sinker' 'Sweeper' 'Changeup']
"Schultz, Andrew",['Slider' 'Four-Seam Fastball']
"Schultz, Thomas",['Four-Seam Fastball' 'Curveball' 'Cutter' 'Sinker']
"Schwellenbach, Spencer",['Slider' 'Curveball' 'Cutter' 'Four-Seam Fastball' 'Splitter' 'Sinker']
"Scott, Christian",['Four-Seam Fastball' 'Splitter' 'Sweeper' 'Slider']
"Scott, Tanner",['Four-Seam Fastball' 'Slider' 'Sinker' 'Changeup']
"Scott, Tayler",['Slider' 'Sinker' 'Splitter' 'Four-Seam Fastball' 'Changeup']
"Scroggins, Cody",['Four-Seam Fastball' 'Sinker' 'Cutter' 'Slider' 'Changeup']
"Sears, JP","['Sweeper' 'Slider' 'Changeup' 'Sinker' 'Four-Seam Fastball' 'Curveball'
 nan]"
"Selby, Colin",['Sinker' 'Slider' 'Knuckle Curve' 'Four-Seam Fastball']
"Senga, Kodai",['Four-Seam Fastball' 'Cutter' 'Sweeper' nan 'Curveball' 'Slider']
"Senzatela, Antonio",['Four-Seam Fastball' 'Changeup' 'Slider' 'Curveball' 'Sinker']
"Sequeira, Gabriel",['Slider' 'Sinker']
"Severino, Luis",['Sinker' 'Sweeper' 'Cutter' 'Slider' 'Changeup' 'Four-Seam Fastball']
"Sewald, Paul",['Four-Seam Fastball' 'Sweeper' 'Changeup']
"Sharpe, Davis",['Slider' 'Cutter' 'Four-Seam Fastball']
"Shaw, Bryan",['Curveball' 'Cutter' 'Changeup' 'Sinker' 'Sweeper']
"Shreve, Chasen",['Four-Seam Fastball' 'Splitter' 'Sweeper']
"Shugart, Chase",['Changeup' 'Four-Seam Fastball' 'Cutter' 'Sinker' 'Sweeper']
"Shuster, Jared",['Slider' 'Changeup' 'Four-Seam Fastball' 'Sinker']
"Silseth, Chase",['Sweeper' 'Four-Seam Fastball' 'Curveball' 'Splitter' 'Sinker']
"Simon, Ben",['Sinker' 'Changeup' 'Cutter' 'Four-Seam Fastball' 'Slider']
"Sims, Lucas",['Cutter' 'Four-Seam Fastball' 'Sweeper' 'Curveball' 'Slider' 'Splitter']
"Singer, Brady",['Slider' 'Sinker' 'Four-Seam Fastball' 'Sweeper' 'Cutter' nan 'Changeup']
"Skenes, Paul",['Four-Seam Fastball' 'Changeup' 'Splitter' 'Sweeper' 'Slider' 'Curveball']
"Skubal, Tarik",['Four-Seam Fastball' 'Sinker' 'Changeup' 'Slider' 'Knuckle Curve']
"Slaten, Justin",['Cutter' 'Four-Seam Fastball' 'Curveball' 'Sweeper']
"Smeltzer, Devin",['Sweeper' 'Sinker' 'Changeup']
"Smith, Burch",['Sweeper' 'Four-Seam Fastball' 'Cutter' 'Curveball' 'Changeup' 'Sinker']
"Smith, Cade",['Four-Seam Fastball' 'Sweeper' 'Splitter']
"Smith, Dominic",['Eephus' nan]
"Smith, Drew",['Cutter' 'Four-Seam Fastball' 'Curveball' 'Slider' 'Changeup']
"Smith, Pavin",[nan 'Eephus']
"Smith, Shane",['Cutter' 'Curveball' 'Four-Seam Fastball' 'Slider' 'Sinker']
"Smith, Will",['Slider' 'Four-Seam Fastball' 'Changeup' 'Curveball']
"Smith-Shawver, AJ",['Four-Seam Fastball' 'Splitter' 'Slider' 'Curveball']
"Smyly, Drew",['Knuckle Curve' 'Sinker' 'Cutter' 'Four-Seam Fastball']
"Snead, Kirby",['Four-Seam Fastball' 'Slider' 'Sinker' 'Changeup']
"Snell, Blake",['Four-Seam Fastball' 'Curveball' 'Slider' 'Changeup' 'Sinker']
"Snider, Collin",['Sweeper' 'Cutter' 'Four-Seam Fastball' 'Sinker']
"Soriano, George",['Changeup' 'Slider' 'Four-Seam Fastball']
"Soriano, José",['Sinker' 'Four-Seam Fastball' 'Knuckle Curve' nan 'Splitter' 'Slider']
"Soroka, Michael",['Slider' 'Four-Seam Fastball' 'Changeup' 'Sinker']
"Soto, Gregory",['Sinker' 'Slider' 'Four-Seam Fastball' 'Sweeper' 'Cutter' 'Changeup']
"Sousa, Bennett",['Four-Seam Fastball' 'Slider']
"Speas, Alex",['Sweeper' 'Slider' 'Four-Seam Fastball' 'Cutter']
"Speier, Gabe",['Sinker' 'Slider' 'Four-Seam Fastball' 'Sweeper' 'Changeup']
"Spence, Mitch",['Curveball' 'Cutter' 'Slider' 'Sinker' 'Changeup' nan]
"Spiers, Carson",['Sweeper' 'Four-Seam Fastball' 'Cutter' 'Changeup' 'Sinker' 'Slider']
"Springs, Jeffrey",['Changeup' 'Four-Seam Fastball' 'Slider' 'Sweeper' 'Cutter']
"Stanek, Ryne",['Four-Seam Fastball' 'Slider' 'Splitter' 'Sinker']
"Stankiewicz, John",['Curveball']
"Stanley, Hunter",['Slider' 'Changeup' 'Four-Seam Fastball']
"Stashak, Cody",['Slider' 'Four-Seam Fastball']
"Staumont, Josh",['Slider' 'Sinker' 'Four-Seam Fastball' 'Curveball']
"Steele, Justin",['Slider' 'Four-Seam Fastball' 'Changeup' 'Curveball' 'Sinker']
"Stefanic, Michael",[nan 'Curveball']
"Stephens, Jackson",['Four-Seam Fastball' 'Cutter' 'Sinker' 'Curveball' 'Changeup' 'Slider']
"Sterner, Justin",['Four-Seam Fastball' 'Sweeper' 'Cutter']
"Stevens, Kevin",['Slider' 'Four-Seam Fastball']
"Stewart, Brock",['Four-Seam Fastball' 'Sweeper' 'Cutter' 'Sinker' 'Changeup']
"Stone, Gavin","['Sinker' 'Slider' 'Changeup' 'Four-Seam Fastball' 'Curveball' 'Cutter'
 'Sweeper']"
"Strahm, Matt",['Cutter' 'Slider' 'Sinker' 'Four-Seam Fastball' 'Changeup']
"Stratton, Chris","['Four-Seam Fastball' 'Slider' 'Curveball' 'Changeup' 'Sinker' nan
 'Sweeper']"
"Stratton, Hunter",['Slider' 'Four-Seam Fastball' 'Cutter' 'Sinker']
"Strickland, Austin",['Sinker' 'Slider']
"Strickland, Hunter",['Four-Seam Fastball' 'Sweeper' 'Changeup' 'Slider' 'Sinker' 'Cutter']
"Strickland, Samuel",['Slider' 'Four-Seam Fastball' 'Sinker' 'Changeup']
"Strider, Spencer",['Four-Seam Fastball' 'Slider' 'Curveball' 'Changeup']
"Stripling, Ross","['Changeup' 'Four-Seam Fastball' 'Knuckle Curve' 'Cutter' 'Sinker'
 'Slider']"
"Stroman, Marcus","['Splitter' 'Sinker' 'Cutter' 'Slurve' 'Curveball' 'Four-Seam Fastball'
 'Slider' nan]"
"Strotman, Drew",['Sinker' 'Four-Seam Fastball' 'Slider' 'Sweeper']
"Strowd, Kade",['Sweeper' 'Curveball' 'Cutter' 'Four-Seam Fastball' 'Changeup']
"Strzelecki, Peter",['Four-Seam Fastball' 'Changeup' 'Cutter' 'Sinker' 'Sweeper']
"Stuart, Tyler",['Sinker' 'Four-Seam Fastball' 'Changeup' 'Slider']
"Stubbs, Garrett",['Eephus' nan]
"Suarez, José","['Changeup' 'Slider' 'Four-Seam Fastball' 'Sweeper' 'Cutter' 'Sinker'
 'Curveball']"
"Suarez, Robert",['Four-Seam Fastball' 'Changeup' 'Sinker' 'Cutter']
"Suero, Wander",['Cutter' 'Changeup' 'Curveball']
"Sulser, Cole",['Four-Seam Fastball' 'Changeup' 'Cutter' 'Slider']
"Suter, Brent",['Four-Seam Fastball' 'Changeup' 'Slider' 'Sinker']
"Suárez, Albert",['Four-Seam Fastball' 'Cutter' 'Slurve' 'Curveball' 'Changeup' nan]
"Suárez, Andrew",['Curveball' 'Slider' 'Four-Seam Fastball' 'Changeup' 'Sinker']
"Suárez, Ranger",['Sinker' 'Changeup' 'Four-Seam Fastball' 'Curveball' 'Cutter' 'Slider']
"Svanson, Matt",['Sinker' 'Sweeper']
"Swanson, Erik",['Splitter' 'Four-Seam Fastball' 'Slider' nan]
"Sánchez, Cristopher",['Slider' 'Sinker' 'Changeup' 'Cutter']
"Sánchez, Sixto",['Cutter' 'Changeup' 'Four-Seam Fastball' 'Sinker']
"Taillon, Jameson",['Changeup' 'Curveball' 'Cutter' 'Four-Seam Fastball' 'Sinker' 'Sweeper']
"Tate, Dillon",['Sinker' 'Changeup' 'Sweeper']
"Taveras, Leonardo",['Cutter' 'Sinker']
"Taylor, Blake",['Four-Seam Fastball' 'Changeup' 'Slider' 'Sinker']
"Taylor, Evan",['Slider' 'Sinker']
"Taylor, Troy",['Sweeper' 'Four-Seam Fastball' 'Changeup']
"Teheran, Julio",['Sinker' 'Curveball' 'Cutter' 'Changeup' 'Four-Seam Fastball']
"Tellez, Rowdy",['Eephus' nan]
"Teng, Kai-Wei",['Sweeper' 'Sinker' 'Curveball' 'Four-Seam Fastball' 'Changeup' 'Slider']
"Thielbar, Caleb",['Four-Seam Fastball' 'Curveball' 'Sweeper' 'Slider']
"Thomas, Tyler",['Sinker' 'Slider' 'Four-Seam Fastball' 'Changeup']
"Thompson, Keegan",['Curveball' 'Four-Seam Fastball' 'Sweeper' 'Cutter' 'Changeup' 'Sinker']
"Thompson, Paxton",['Sinker' 'Changeup']
"Thompson, Ryan",['Four-Seam Fastball' 'Sinker' 'Slider']
"Thompson, Zack",['Curveball' nan 'Four-Seam Fastball' 'Slider']
"Thornton, Trent","['Sweeper' 'Slider' 'Four-Seam Fastball' 'Curveball' 'Cutter' 'Sinker'
 'Changeup']"
"Thorpe, Drew",['Changeup' 'Four-Seam Fastball' 'Slider' 'Cutter' 'Sweeper']
"Tiedemann, Ricky",['Changeup' 'Sinker' 'Slider']
"Tinoco, Jesus",['Slider' 'Sinker' 'Four-Seam Fastball' 'Changeup' 'Cutter']
"Tolhurst, Anders",['Four-Seam Fastball' 'Slider']
"Tomkins, Landon",['Slider' 'Sinker']
"Tonkin, Michael",['Slider' 'Four-Seam Fastball' 'Sinker' 'Sweeper']
"Topa, Justin",['Cutter' 'Sinker' 'Sweeper' 'Changeup']
"Torrens, Luis",[nan]
"Torres Jr., Lenny",['Four-Seam Fastball' 'Slider' 'Sinker']
"Toussaint, Touki",['Curveball' 'Splitter' 'Sinker' 'Four-Seam Fastball' 'Slider']
"Treinen, Blake",['Sweeper' 'Four-Seam Fastball' 'Sinker' 'Cutter']
"Trevino, Jose",[nan 'Knuckleball']
"Tucker, Cole",['Eephus' nan]
"Turnbull, Spencer",['Sweeper' 'Curveball' 'Sinker' 'Four-Seam Fastball' 'Changeup' 'Slider']
"Tyler, Kyle",['Curveball' 'Cutter' 'Slider' 'Sinker' 'Four-Seam Fastball' 'Changeup']
"Uceta, Edwin",['Changeup' 'Four-Seam Fastball' 'Cutter' 'Sweeper' 'Sinker' 'Curveball']
"Ureña, José",['Sinker' 'Slider' 'Changeup' 'Four-Seam Fastball' nan]
"Uribe, Abner",['Sinker' 'Slider' 'Four-Seam Fastball']
"Uwasawa, Naoyuki",['Splitter' 'Four-Seam Fastball' 'Slider' 'Cutter' 'Curveball']
"Valdez, Framber",['Slider' 'Sinker' 'Curveball' 'Changeup' 'Four-Seam Fastball']
"Vanasco, Ricky",['Four-Seam Fastball' 'Slider' 'Cutter' 'Curveball']
"Vargas, Ildemaro",[nan 'Eephus' 'Curveball']
"Varland, Gus",['Four-Seam Fastball' 'Slider' 'Changeup' 'Sinker']
"Varland, Louis",['Four-Seam Fastball' 'Changeup' 'Slider' 'Sinker' 'Knuckle Curve']
"Velasquez, Luis",['Four-Seam Fastball' 'Changeup']
"Veneziano, Anthony",['Four-Seam Fastball' 'Sweeper' 'Slider' 'Changeup' 'Sinker']
"Verlander, Justin",['Four-Seam Fastball' 'Changeup' 'Curveball' 'Slider' 'Sinker']
"Vesia, Alex",['Four-Seam Fastball' 'Slider' 'Changeup' 'Sinker']
"Vespi, Nick",['Cutter' 'Slider' 'Curveball' 'Sinker']
"Vest, Will",['Sinker' 'Changeup' 'Four-Seam Fastball' 'Slider']
"Vieira, Thyago",['Sinker' 'Four-Seam Fastball' 'Slider' 'Changeup']
"Villalobos, Eli",['Four-Seam Fastball' 'Slider' 'Splitter']
"Vines, Darius",['Four-Seam Fastball' 'Slider' 'Cutter' 'Changeup' 'Curveball']
"Vodnik, Victor",['Four-Seam Fastball' 'Slider' 'Changeup' 'Sinker']
"Voth, Austin",['Four-Seam Fastball' 'Cutter' 'Sweeper' 'Curveball']
"Vásquez, Randy","['Sweeper' 'Cutter' 'Sinker' 'Changeup' 'Curveball' 'Four-Seam Fastball'
 'Slider']"
"Wacha, Michael",['Sinker' 'Slider' 'Changeup' 'Curveball' 'Four-Seam Fastball' 'Cutter']
"Waguespack, Jacob",['Cutter' 'Four-Seam Fastball' 'Curveball' 'Changeup']
"Waldrep, Hurston",['Slider' 'Four-Seam Fastball' 'Splitter' 'Curveball']
"Waldron, Matt",['Sinker' 'Knuckleball' 'Four-Seam Fastball' 'Cutter' 'Sweeper']
"Walker, Josh",['Curveball' 'Four-Seam Fastball' 'Sinker']
"Walker, Ryan",['Sinker' 'Slider' 'Four-Seam Fastball' nan]
"Walker, Taijuan",['Sweeper' 'Cutter' 'Four-Seam Fastball' 'Splitter' 'Curveball' 'Sinker']
"Wallner, Matt",['Eephus' nan]
"Walston, Blake",['Sweeper' 'Four-Seam Fastball' 'Cutter' 'Changeup' 'Curveball' 'Sinker']
"Walters, Andrew",['Slider' 'Four-Seam Fastball']
"Walton, Donovan",[nan]
"Wantz, Andrew",['Sweeper' 'Four-Seam Fastball' 'Sinker' 'Cutter']
"Warren, Austin",['Four-Seam Fastball' 'Slider' 'Sinker' 'Cutter']
"Warren, Will",['Four-Seam Fastball' 'Sweeper' 'Sinker' 'Changeup' 'Cutter' 'Curveball']
"Washington, Mark",['Four-Seam Fastball' 'Changeup' 'Slider' 'Sinker' 'Sweeper' 'Curveball']
"Watson, Troy",['Curveball' 'Slider' 'Four-Seam Fastball']
"Weathers, Ryan",['Changeup' 'Four-Seam Fastball' 'Sweeper' 'Sinker' 'Slider']
"Weaver, Luke","['Cutter' 'Four-Seam Fastball' 'Changeup' 'Knuckle Curve' 'Sinker'
 'Slider']"
"Webb, Jacob",['Sweeper' 'Changeup' 'Four-Seam Fastball' nan 'Slider']
"Webb, Logan",['Sinker' 'Sweeper' 'Changeup' 'Cutter' 'Four-Seam Fastball' nan]
"Weems, Jordan",['Four-Seam Fastball' 'Slider' 'Splitter' 'Curveball']
"Weissert, Greg",['Cutter' 'Sinker' 'Slider' 'Changeup' 'Sweeper' 'Four-Seam Fastball']
"Wells, Tyler",['Cutter' 'Four-Seam Fastball' 'Changeup' 'Curveball' 'Slider']
"Wentz, Joey",['Cutter' 'Four-Seam Fastball' 'Changeup' 'Curveball']
"Wesneski, Hayden","['Cutter' 'Four-Seam Fastball' 'Sweeper' 'Sinker' 'Changeup' 'Curveball'
 'Slider']"
"Wheeler, Zack",['Four-Seam Fastball' 'Curveball' 'Splitter' 'Sweeper' 'Sinker' 'Cutter']
"White, Brendan",['Four-Seam Fastball' 'Slider' 'Sweeper']
"White, Mitch",['Sinker' 'Sweeper' 'Four-Seam Fastball' 'Curveball' 'Slider']
"White, Owen","['Cutter' 'Four-Seam Fastball' 'Slider' 'Sweeper' 'Curveball' 'Changeup'
 'Sinker']"
"Whitley, Forrest","['Slurve' 'Sinker' 'Changeup' 'Curveball' 'Four-Seam Fastball' 'Cutter'
 'Splitter']"
"Whitlock, Garrett",['Changeup' 'Slider' 'Sinker' 'Sweeper' 'Cutter']
"Wicks, Jordan",['Four-Seam Fastball' 'Sinker' 'Curveball' 'Changeup' 'Slider' 'Sweeper']
"Williams, Devin",['Four-Seam Fastball' 'Changeup' 'Cutter']
"Williams, Gavin",['Four-Seam Fastball' 'Curveball' 'Cutter' 'Changeup' 'Slider' 'Sinker']
"Williams, Luke",['Eephus' nan]
"Williams, Trevor",['Sinker' 'Sweeper' 'Four-Seam Fastball' 'Slider' 'Changeup']
"Williamson, Brandon",['Four-Seam Fastball' 'Changeup' 'Cutter' 'Curveball' 'Sweeper']
"Willingham, Amos",['Cutter' 'Four-Seam Fastball' 'Slider']
"Wilson, Brooks",['Splitter' 'Four-Seam Fastball']
"Wilson, Bryse",['Cutter' 'Sinker' 'Four-Seam Fastball' 'Changeup' 'Curveball' 'Slider']
"Wilson, Justin",['Cutter' 'Four-Seam Fastball' 'Slider' 'Splitter']
"Wilson, Steven",['Four-Seam Fastball' 'Sweeper' 'Changeup' 'Cutter']
"Wilson, Weston",['Eephus' nan]
"Winans, Allan",['Slider' 'Changeup' 'Four-Seam Fastball' 'Sinker']
"Winckowski, Josh",['Cutter' 'Four-Seam Fastball' 'Sinker' 'Changeup' 'Slider']
"Winder, Josh",['Sweeper' 'Slider' 'Sinker' 'Four-Seam Fastball' 'Changeup']
"Wingenter, Trey",['Slider' 'Four-Seam Fastball' 'Splitter' 'Sinker']
"Winn, Cole",['Splitter' 'Curveball' 'Slider' 'Four-Seam Fastball' 'Sinker']
"Winn, Keaton",['Splitter' 'Four-Seam Fastball' 'Sinker' 'Slider' 'Changeup' 'Cutter']
"Winquest, Cade",['Changeup' 'Four-Seam Fastball' 'Slider' 'Cutter']
"Wisdom, Patrick",['Eephus' nan]
"Woo, Bryan",['Four-Seam Fastball' 'Sinker' 'Sweeper' 'Changeup' 'Slider']
"Wood, Alex",['Sinker' 'Slider' 'Changeup' 'Four-Seam Fastball']
"Woodford, Jake",['Sinker' 'Cutter' 'Sweeper' 'Four-Seam Fastball' 'Changeup']
"Woods Richardson, Simeon",['Changeup' 'Slider' 'Four-Seam Fastball' 'Curveball']
"Wrobleski, Justin",['Four-Seam Fastball' 'Slider' 'Curveball' 'Sinker' 'Changeup' 'Sweeper']
"Wu-Yelland, Jeremy",['Changeup' 'Slider' 'Four-Seam Fastball' 'Sweeper']
"Yamamoto, Yoshinobu","['Splitter' 'Four-Seam Fastball' 'Slider' 'Cutter' 'Curveball' 'Sinker'
 'Sweeper']"
"Yarbrough, Ryan",['Sinker' 'Sweeper' 'Changeup' 'Four-Seam Fastball' 'Cutter' 'Slurve']
"Yastrzemski, Mike",['Eephus' nan 'Slider']
"Yates, Kirby",['Four-Seam Fastball' 'Splitter' 'Slider' nan]
"Yeager, Justin",['Cutter' 'Four-Seam Fastball']
"Young, Alex",['Sinker' 'Curveball' 'Changeup' 'Four-Seam Fastball' 'Slider']
"Young, Danny",['Sinker' 'Sweeper' 'Four-Seam Fastball' 'Cutter']
"Zastryzny, Rob",['Cutter' 'Four-Seam Fastball' 'Changeup' 'Sweeper']
"Zeferjahn, Ryan",['Sweeper' 'Four-Seam Fastball' 'Cutter' 'Curveball']
"Zerpa, Angel",['Sinker' 'Slider' 'Changeup' 'Four-Seam Fastball' 'Curveball']
"Zuber, Tyler",['Four-Seam Fastball' 'Sweeper' 'Cutter']
"Zulueta, Yosver",['Sinker' 'Slider' 'Four-Seam Fastball' 'Sweeper' 'Changeup']
"Zuñiga, Guillo",['Four-Seam Fastball' 'Changeup' 'Sinker' 'Slider']
"de Geus, Brett",['Knuckle Curve' 'Cutter' 'Sinker' 'Splitter' 'Four-Seam Fastball']
"deGrom, Jacob",['Four-Seam Fastball' 'Slider' 'Changeup' 'Curveball']
